datetime,signal_date,gross_return,turnover,cost,net_return,universe_return,excess_return,net_excess_return
2021-02-03,2021-02-01,-0.005007406696677208,1.0,0.0005,-0.005507406696677208,-0.01338635478168726,0.008378948085010052,0.007878948085010051
2021-02-04,2021-02-01,-0.013317824341356754,0.0,0.0,-0.013317824341356754,-0.01875215768814087,0.005434333346784115,0.005434333346784115
2021-02-05,2021-02-01,0.00485812546685338,0.0,0.0,0.00485812546685338,-0.01611151173710823,0.02096963720396161,0.02096963720396161
2021-02-08,2021-02-01,0.005750668700784445,0.0,0.0,0.005750668700784445,0.007470461539924145,-0.0017197928391397,-0.0017197928391397
2021-02-09,2021-02-01,0.00837955716997385,0.0,0.0,0.00837955716997385,0.02141398936510086,-0.01303443219512701,-0.01303443219512701
2021-02-10,2021-02-01,0.006351074669510126,0.0,0.0,0.006351074669510126,0.008608903735876083,-0.0022578290663659573,-0.0022578290663659573
2021-02-18,2021-02-01,0.02026449143886566,0.0,0.0,0.02026449143886566,0.026713794097304344,-0.0064493026584386826,-0.0064493026584386826
2021-02-19,2021-02-01,0.022971346974372864,0.0,0.0,0.022971346974372864,0.02562909759581089,-0.0026577506214380264,-0.0026577506214380264
2021-02-22,2021-02-01,0.012653747573494911,0.0,0.0,0.012653747573494911,0.0056392899714410305,0.007014457602053881,0.007014457602053881
2021-02-23,2021-02-01,-0.0017004001419991255,0.0,0.0,-0.0017004001419991255,-0.006206978112459183,0.004506577970460057,0.004506577970460057
2021-02-24,2021-02-22,-0.003681183559820056,0.41000000000000003,0.00020500000000000002,-0.003886183559820056,-0.0052994899451732635,0.0016183063853532076,0.0014133063853532077
2021-02-25,2021-02-22,0.010007188655436039,0.0,0.0,0.010007188655436039,-0.006192913744598627,0.016200102400034666,0.016200102400034666
2021-02-26,2021-02-22,-0.01385805569589138,0.0,0.0,-0.01385805569589138,-0.011263733729720116,-0.0025943219661712646,-0.0025943219661712646
2021-03-01,2021-02-22,0.008382400497794151,0.0,0.0,0.008382400497794151,0.023373737931251526,-0.014991337433457375,-0.014991337433457375
2021-03-02,2021-02-22,-0.0077336933463811874,0.0,0.0,-0.0077336933463811874,-0.0080266697332263,0.00029297638684511185,0.00029297638684511185
2021-03-03,2021-02-22,0.0157800130546093,0.0,0.0,0.0157800130546093,0.01653343439102173,-0.0007534213364124298,-0.0007534213364124298
2021-03-04,2021-02-22,-1.8719434592640027e-05,0.0,0.0,-1.8719434592640027e-05,-0.013019813224673271,0.013001093790080631,0.013001093790080631
2021-03-05,2021-02-22,0.002238404704257846,0.0,0.0,0.002238404704257846,0.004571485333144665,-0.002333080628886819,-0.002333080628886819
2021-03-08,2021-02-22,-0.0025795018300414085,0.0,0.0,-0.0025795018300414085,-0.017628205940127373,0.015048704110085964,0.015048704110085964
2021-03-09,2021-02-22,-0.0026391332503408194,0.0,0.0,-0.0026391332503408194,-0.025220457464456558,0.02258132421411574,0.02258132421411574
2021-03-10,2021-03-08,-0.01186103094369173,0.32999999999999996,0.00016499999999999997,-0.01202603094369173,-0.01035743486136198,-0.00150359608232975,-0.0016685960823297503
2021-03-11,2021-03-08,0.01525070983916521,0.0,0.0,0.01525070983916521,0.024956872686743736,-0.009706162847578526,-0.009706162847578526
2021-03-12,2021-03-08,0.008578135631978512,0.0,0.0,0.008578135631978512,0.002937890589237213,0.005640245042741299,0.005640245042741299
2021-03-15,2021-03-08,0.0004085797118023038,0.0,0.0,0.0004085797118023038,-0.0013210912002250552,0.001729670912027359,0.001729670912027359
2021-03-16,2021-03-08,0.008257720619440079,0.0,0.0,0.008257720619440079,0.009618614800274372,-0.0013608941808342934,-0.0013608941808342934
2021-03-17,2021-03-08,-0.005193156655877829,0.0,0.0,-0.005193156655877829,0.0038997274823486805,-0.009092884138226509,-0.009092884138226509
2021-03-18,2021-03-08,0.0013122058007866144,0.0,0.0,0.0013122058007866144,0.0009543569758534431,0.00035784882493317127,0.00035784882493317127
2021-03-19,2021-03-08,-0.0037495458964258432,0.0,0.0,-0.0037495458964258432,-0.009705649688839912,0.005956103792414069,0.005956103792414069
2021-03-22,2021-03-08,0.01587100140750408,0.0,0.0,0.01587100140750408,0.01807062327861786,-0.002199621871113777,-0.002199621871113777
2021-03-23,2021-03-08,-0.0068849544040858746,0.0,0.0,-0.0068849544040858746,-0.014605093747377396,0.007720139343291521,0.007720139343291521
2021-03-24,2021-03-22,-0.0012102299369871616,0.39,0.00019500000000000002,-0.0014052299369871617,-0.010856730863451958,0.009646500926464796,0.009451500926464795
2021-03-25,2021-03-22,-0.004539668094366789,0.0,0.0,-0.004539668094366789,-0.002229764126241207,-0.0023099039681255817,-0.0023099039681255817
2021-03-26,2021-03-22,0.00430567329749465,0.0,0.0,0.00430567329749465,0.016349151730537415,-0.012043478433042765,-0.012043478433042765
2021-03-29,2021-03-22,0.000925118918530643,0.0,0.0,0.000925118918530643,0.0017213590908795595,-0.0007962401723489165,-0.0007962401723489165
2021-03-30,2021-03-22,-0.0045582992024719715,0.0,0.0,-0.0045582992024719715,-0.004533992614597082,-2.4306587874889374e-05,-2.4306587874889374e-05
2021-03-31,2021-03-22,0.004871655255556107,0.0,0.0,0.004871655255556107,-0.00021300606022123247,0.005084661315777339,0.005084661315777339
2021-04-01,2021-03-22,-0.0008436513016931713,0.0,0.0,-0.0008436513016931713,0.0045860810205340385,-0.00542973232222721,-0.00542973232222721
2021-04-02,2021-03-22,-0.0016557550989091396,0.0,0.0,-0.0016557550989091396,0.0015000980347394943,-0.003155853133648634,-0.003155853133648634
2021-04-06,2021-03-22,0.0009682261734269559,0.0,0.0,0.0009682261734269559,0.00909673236310482,-0.008128506189677864,-0.008128506189677864
2021-04-07,2021-03-22,0.005424386356025934,0.0,0.0,0.005424386356025934,0.004330738447606564,0.0010936479084193707,0.0010936479084193707
2021-04-08,2021-04-06,-0.004451132845133543,0.4,0.0002,-0.004651132845133543,-0.005657454952597618,0.001206322107464075,0.0010063221074640754
2021-04-09,2021-04-06,-0.0009628391126170754,0.0,0.0,-0.0009628391126170754,-0.0013024820946156979,0.0003396429819986224,0.0003396429819986224
2021-04-12,2021-04-06,-0.0057658045552670956,0.0,0.0,-0.0057658045552670956,-0.014705370180308819,0.008939565625041723,0.008939565625041723
2021-04-13,2021-04-06,-0.007398507092148066,0.0,0.0,-0.007398507092148066,-0.006839948706328869,-0.0005585583858191967,-0.0005585583858191967
2021-04-14,2021-04-06,0.0028522752691060305,0.0,0.0,0.0028522752691060305,0.012127152644097805,-0.009274877374991775,-0.009274877374991775
2021-04-15,2021-04-06,-0.002815920626744628,0.0,0.0,-0.002815920626744628,-0.0028303181752562523,1.4397548511624336e-05,1.4397548511624336e-05
2021-04-16,2021-04-06,0.014395075850188732,0.0,0.0,0.014395075850188732,0.015112693421542645,-0.0007176175713539124,-0.0007176175713539124
2021-04-19,2021-04-06,0.006431379821151495,0.0,0.0,0.006431379821151495,0.015283460728824139,-0.008852080907672644,-0.008852080907672644
2021-04-20,2021-04-06,-0.005226163659244776,0.0,0.0,-0.005226163659244776,-0.003054085886105895,-0.0021720777731388807,-0.0021720777731388807
2021-04-21,2021-04-06,-0.0036764591932296753,0.0,0.0,-0.0036764591932296753,-0.0029353743884712458,-0.0007410848047584295,-0.0007410848047584295
2021-04-22,2021-04-20,-0.00217070453800261,0.32999999999999996,0.00016499999999999997,-0.00233570453800261,0.0023386983666568995,-0.00450940290465951,-0.00467440290465951
2021-04-23,2021-04-20,-0.004890710115432739,0.0,0.0,-0.004890710115432739,-0.004801451228559017,-8.925888687372208e-05,-8.925888687372208e-05
2021-04-26,2021-04-20,-0.0060339937917888165,0.0,0.0,-0.0060339937917888165,-0.005550125613808632,-0.00048386817798018456,-0.00048386817798018456
2021-04-27,2021-04-20,-0.005333638750016689,0.0,0.0,-0.005333638750016689,-0.005839077290147543,0.0005054385401308537,0.0005054385401308537
2021-04-28,2021-04-20,-0.00012015819811495021,0.0,0.0,-0.00012015819811495021,0.004857379011809826,-0.004977537209924776,-0.004977537209924776
2021-04-29,2021-04-20,0.006987324450165033,0.0,0.0,0.006987324450165033,-0.0004925713874399662,0.0074798958376049995,0.0074798958376049995
2021-04-30,2021-04-20,-0.008229675702750683,0.0,0.0,-0.008229675702750683,-0.007164506241679192,-0.0010651694610714912,-0.0010651694610714912
2021-05-06,2021-04-20,-0.0018140238244086504,0.0,0.0,-0.0018140238244086504,0.005890515632927418,-0.007704539457336068,-0.007704539457336068
2021-05-07,2021-04-20,-0.00037630199221894145,0.0,0.0,-0.00037630199221894145,-0.0018547035288065672,0.0014784015365876257,0.0014784015365876257
2021-05-10,2021-04-20,-0.000525999057572335,0.0,0.0,-0.000525999057572335,0.008281730115413666,-0.008807729172986,-0.008807729172986
2021-05-11,2021-05-07,0.00594352325424552,0.42000000000000004,0.00021000000000000004,0.0057335232542455195,0.0006762818666175008,0.005267241387628019,0.005057241387628019
2021-05-12,2021-05-07,0.002649791771546006,0.0,0.0,0.002649791771546006,0.011704030446708202,-0.009054238675162196,-0.009054238675162196
2021-05-13,2021-05-07,-0.0019685702864080667,0.0,0.0,-0.0019685702864080667,-0.0062868231907486916,0.004318252904340625,0.004318252904340625
2021-05-14,2021-05-07,0.01686963438987732,0.0,0.0,0.01686963438987732,0.012283728457987309,0.004585905931890011,0.004585905931890011
2021-05-17,2021-05-07,-0.0053633577190339565,0.0,0.0,-0.0053633577190339565,-0.003499732818454504,-0.0018636249005794525,-0.0018636249005794525
2021-05-18,2021-05-07,0.005681556649506092,0.0,0.0,0.005681556649506092,0.007004216779023409,-0.0013226601295173168,-0.0013226601295173168
2021-05-19,2021-05-07,-0.007621940225362778,0.0,0.0,-0.007621940225362778,-0.0016504725208505988,-0.005971467704512179,-0.005971467704512179
2021-05-20,2021-05-07,0.00020182013395242393,0.0,0.0,0.00020182013395242393,-0.005486113019287586,0.00568793315324001,0.00568793315324001
2021-05-21,2021-05-07,-0.005519034340977669,0.0,0.0,-0.005519034340977669,0.0001693559461273253,-0.005688390287104994,-0.005688390287104994
2021-05-24,2021-05-07,0.006088576279580593,0.0,0.0,0.006088576279580593,0.006919566076248884,-0.0008309897966682911,-0.0008309897966682911
2021-05-25,2021-05-21,0.009046699851751328,0.42000000000000004,0.00021000000000000004,0.008836699851751327,0.0116844791918993,-0.002637779340147972,-0.0028477793401479722
2021-05-26,2021-05-21,0.004082726780325174,0.0,0.0,0.004082726780325174,0.00565591873601079,-0.0015731919556856155,-0.0015731919556856155
2021-05-27,2021-05-21,0.0015843099681660533,0.0,0.0,0.0015843099681660533,0.007324812468141317,-0.005740502499975264,-0.005740502499975264
2021-05-28,2021-05-21,-0.0015414756489917636,0.0,0.0,-0.0015414756489917636,-0.0014318478060886264,-0.00010962784290313721,-0.00010962784290313721
2021-05-31,2021-05-21,-0.0017501318361610174,0.0,0.0,-0.0017501318361610174,0.01012579444795847,-0.011875926284119487,-0.011875926284119487
2021-06-01,2021-05-21,-0.00019918143516406417,0.0,0.0,-0.00019918143516406417,0.005580411292612553,-0.005779592727776617,-0.005779592727776617
2021-06-02,2021-05-21,-0.004927067086100578,0.0,0.0,-0.004927067086100578,-0.011187075637280941,0.006260008551180363,0.006260008551180363
2021-06-03,2021-05-21,0.00047778128646314144,0.0,0.0,0.00047778128646314144,-0.001672961632721126,0.0021507429191842675,0.0021507429191842675
2021-06-04,2021-05-21,1.77544352482073e-05,0.0,0.0,1.77544352482073e-05,0.0027100061997771263,-0.002692251764528919,-0.002692251764528919
2021-06-07,2021-05-21,0.0005217444850131869,0.0,0.0,0.0005217444850131869,0.008175387047231197,-0.00765364256221801,-0.00765364256221801
2021-06-08,2021-06-04,0.00025725422892719507,0.43000000000000005,0.00021500000000000002,4.225422892719505e-05,-0.0032263530883938074,0.0034836073173210025,0.0032686073173210026
2021-06-09,2021-06-04,-0.00012641787179745734,0.0,0.0,-0.00012641787179745734,0.0025161034427583218,-0.002642521314555779,-0.002642521314555779
2021-06-10,2021-06-04,-0.0014196628471836448,0.0,0.0,-0.0014196628471836448,0.004448580555617809,-0.005868243402801454,-0.005868243402801454
2021-06-11,2021-06-04,-0.002675173804163933,0.0,0.0,-0.002675173804163933,-0.008472418412566185,0.005797244608402252,0.005797244608402252
2021-06-15,2021-06-04,-0.008745578117668629,0.0,0.0,-0.008745578117668629,-0.008329127915203571,-0.0004164502024650574,-0.0004164502024650574
2021-06-16,2021-06-04,-0.0019964498933404684,0.0,0.0,-0.0019964498933404684,-0.013224351219832897,0.011227901326492429,0.011227901326492429
2021-06-17,2021-06-04,-0.00048675836296752095,0.0,0.0,-0.00048675836296752095,0.008299389854073524,-0.008786148217041045,-0.008786148217041045
2021-06-18,2021-06-04,-0.0021901268046349287,0.0,0.0,-0.0021901268046349287,0.009108074940741062,-0.011298201745375991,-0.011298201745375991
2021-06-21,2021-06-04,-0.0027431189082562923,0.0,0.0,-0.0027431189082562923,0.008905939757823944,-0.011649058666080236,-0.011649058666080236
2021-06-22,2021-06-04,0.007101864088326693,0.0,0.0,0.007101864088326693,0.005514257587492466,0.0015876065008342266,0.0015876065008342266
2021-06-23,2021-06-21,0.0033437353558838367,0.44999999999999996,0.000225,0.003118735355883837,0.006530850660055876,-0.003187115304172039,-0.003412115304172039
2021-06-24,2021-06-21,0.002032042248174548,0.0,0.0,0.002032042248174548,-0.0073114498518407345,0.009343492100015283,0.009343492100015283
2021-06-25,2021-06-21,0.005564708262681961,0.0,0.0,0.005564708262681961,0.005529576912522316,3.513135015964508e-05,3.513135015964508e-05
2021-06-28,2021-06-21,-0.0012061924207955599,0.0,0.0,-0.0012061924207955599,0.0041078184731304646,-0.0053140108939260244,-0.0053140108939260244
2021-06-29,2021-06-21,-0.008941452950239182,0.0,0.0,-0.008941452950239182,-0.010581506416201591,0.00164005346596241,0.00164005346596241
2021-06-30,2021-06-21,0.002293150406330824,0.0,0.0,0.002293150406330824,0.00889600906521082,-0.006602858658879995,-0.006602858658879995
2021-07-01,2021-06-21,0.001153404708020389,0.0,0.0,0.001153404708020389,-0.017246969044208527,0.018400373752228916,0.018400373752228916
2021-07-02,2021-06-21,-0.007793551776558161,0.0,0.0,-0.007793551776558161,-0.005168486852198839,-0.0026250649243593216,-0.0026250649243593216
2021-07-05,2021-06-21,-0.0009464228060096502,0.0,0.0,-0.0009464228060096502,0.014979323372244835,-0.015925746178254485,-0.015925746178254485
2021-07-06,2021-06-21,0.005948998965322971,0.0,0.0,0.005948998965322971,0.0027475294191390276,0.0032014695461839437,0.0032014695461839437
2021-07-07,2021-07-05,-0.0009372031781822443,0.38,0.00019,-0.0011272031781822444,0.007943454198539257,-0.008880657376721501,-0.0090706573767215
2021-07-08,2021-07-05,-0.008603486232459545,0.0,0.0,-0.008603486232459545,-0.0027050329372286797,-0.0058984532952308655,-0.0058984532952308655
2021-07-09,2021-07-05,0.004606632981449366,0.0,0.0,0.004606632981449366,0.008481813594698906,-0.0038751806132495403,-0.0038751806132495403
2021-07-12,2021-07-05,0.001220478443428874,0.0,0.0,0.001220478443428874,0.014201099053025246,-0.012980620609596372,-0.012980620609596372
2021-07-13,2021-07-05,0.003568290499970317,0.0,0.0,0.003568290499970317,0.009677918627858162,-0.006109628127887845,-0.006109628127887845
2021-07-14,2021-07-05,-0.008285686373710632,0.0,0.0,-0.008285686373710632,-0.007835248485207558,-0.00045043788850307465,-0.00045043788850307465
2021-07-15,2021-07-05,0.002015604404732585,0.0,0.0,0.002015604404732585,-3.8892641896381974e-05,0.002054497046628967,0.002054497046628967
2021-07-16,2021-07-05,0.0019716471433639526,0.0,0.0,0.0019716471433639526,0.00355890323407948,-0.0015872560907155275,-0.0015872560907155275
2021-07-19,2021-07-05,-0.00359154399484396,0.0,0.0,-0.00359154399484396,0.00010590184683678672,-0.0036974458416807465,-0.0036974458416807465
2021-07-20,2021-07-05,-0.00043627977720461786,0.0,0.0,-0.00043627977720461786,0.004714305512607098,-0.0051505852898117155,-0.0051505852898117155
2021-07-21,2021-07-19,0.0003164958907291293,0.31999999999999995,0.00015999999999999999,0.00015649589072912933,0.012129977345466614,-0.011813481454737484,-0.011973481454737485
2021-07-22,2021-07-19,0.00543223274871707,0.0,0.0,0.00543223274871707,0.008676701225340366,-0.0032444684766232967,-0.0032444684766232967
2021-07-23,2021-07-19,-4.84472511743661e-05,0.0,0.0,-4.84472511743661e-05,-0.00725402170792222,0.007205574456747854,0.007205574456747854
2021-07-26,2021-07-19,-0.013463344424962997,0.0,0.0,-0.013463344424962997,-0.016086602583527565,0.0026232581585645676,0.0026232581585645676
2021-07-27,2021-07-19,-0.014792975969612598,0.0,0.0,-0.014792975969612598,-0.02758660539984703,0.012793629430234432,0.012793629430234432
2021-07-28,2021-07-19,-0.010063393041491508,0.0,0.0,-0.010063393041491508,-0.023196067661046982,0.013132674619555473,0.013132674619555473
2021-07-29,2021-07-19,0.0027615355793386698,0.0,0.0,0.0027615355793386698,0.02891700342297554,-0.02615546784363687,-0.02615546784363687
2021-07-30,2021-07-19,0.000511341670062393,0.0,0.0,0.000511341670062393,0.007156179752200842,-0.006644838082138449,-0.006644838082138449
2021-08-02,2021-07-19,0.021161222830414772,0.0,0.0,0.021161222830414772,0.02047783136367798,0.0006833914667367935,0.0006833914667367935
2021-08-03,2021-07-19,0.005820717662572861,0.0,0.0,0.005820717662572861,-0.008771216496825218,0.014591934159398079,0.014591934159398079
2021-08-04,2021-08-02,-0.0032267326023429632,0.39,0.00019500000000000002,-0.003421732602342963,0.015786807984113693,-0.019013540586456656,-0.019208540586456657
2021-08-05,2021-08-02,-0.002436246955767274,0.0,0.0,-0.002436246955767274,-0.007641528733074665,0.005205281777307391,0.005205281777307391
2021-08-06,2021-08-02,-0.001337817288003862,0.0,0.0,-0.001337817288003862,0.0063516246154904366,-0.0076894419034942985,-0.0076894419034942985
2021-08-09,2021-08-02,0.013832458294928074,0.0,0.0,0.013832458294928074,0.007428429089486599,0.006404029205441475,0.006404029205441475
2021-08-10,2021-08-02,0.004994815681129694,0.0,0.0,0.004994815681129694,0.00884154625236988,-0.0038467305712401867,-0.0038467305712401867
2021-08-11,2021-08-02,0.00330408476293087,0.0,0.0,0.00330408476293087,0.010989065282046795,-0.007684980519115925,-0.007684980519115925
2021-08-12,2021-08-02,-0.0014025785494595766,0.0,0.0,-0.0014025785494595766,0.004568526055663824,-0.005971104605123401,-0.005971104605123401
2021-08-13,2021-08-02,-0.001726784510537982,0.0,0.0,-0.001726784510537982,0.0015425796154886484,-0.0032693641260266304,-0.0032693641260266304
2021-08-16,2021-08-02,0.007552776485681534,0.0,0.0,0.007552776485681534,-0.003813446732237935,0.011366223217919469,0.011366223217919469
2021-08-17,2021-08-02,-0.008027654141187668,0.0,0.0,-0.008027654141187668,-0.025685446336865425,0.017657792195677757,0.017657792195677757
2021-08-18,2021-08-16,0.021432628855109215,0.32999999999999996,0.00016499999999999997,0.021267628855109216,0.009479708969593048,0.011952919885516167,0.011787919885516168
2021-08-19,2021-08-16,-0.00859835185110569,0.0,0.0,-0.00859835185110569,-0.003071143990382552,-0.005527207860723138,-0.005527207860723138
2021-08-20,2021-08-16,-0.002729069674387574,0.0,0.0,-0.002729069674387574,-0.0032195276580750942,0.00049045798368752,0.00049045798368752
2021-08-23,2021-08-16,0.006251113023608923,0.0,0.0,0.006251113023608923,0.022473972290754318,-0.016222859267145395,-0.016222859267145395
2021-08-24,2021-08-16,0.005929112434387207,0.0,0.0,0.005929112434387207,0.005487982649356127,0.00044112978503108025,0.00044112978503108025
2021-08-25,2021-08-16,0.007045912090688944,0.0,0.0,0.007045912090688944,0.007378343027085066,-0.000332430936396122,-0.000332430936396122
2021-08-26,2021-08-16,-0.0016142671229317784,0.0,0.0,-0.0016142671229317784,-0.005815425887703896,0.004201158764772117,0.004201158764772117
2021-08-27,2021-08-16,0.000999472918920219,0.0,0.0,0.000999472918920219,0.002442631870508194,-0.001443158951587975,-0.001443158951587975
2021-08-30,2021-08-16,-0.0003522249171510339,0.0,0.0,-0.0003522249171510339,0.0064630224369466305,-0.006815247354097664,-0.006815247354097664
2021-08-31,2021-08-16,0.016597971320152283,0.0,0.0,0.016597971320152283,0.0032070353627204895,0.013390935957431793,0.013390935957431793
2021-09-01,2021-08-30,0.014439022168517113,0.44999999999999996,0.000225,0.014214022168517113,-0.00860142894089222,0.023040451109409332,0.022815451109409333
2021-09-02,2021-08-30,0.007586775813251734,0.0,0.0,0.007586775813251734,0.015668505802750587,-0.008081729989498854,-0.008081729989498854
2021-09-03,2021-08-30,0.009419461712241173,0.0,0.0,0.009419461712241173,-0.003748450893908739,0.013167912606149912,0.013167912606149912
2021-09-06,2021-08-30,0.011037230491638184,0.0,0.0,0.011037230491638184,0.010224368423223495,0.0008128620684146881,0.0008128620684146881
2021-09-07,2021-08-30,0.010555142536759377,0.0,0.0,0.010555142536759377,0.017830418422818184,-0.007275275886058807,-0.007275275886058807
2021-09-08,2021-08-30,0.012093525379896164,0.0,0.0,0.012093525379896164,0.007703694514930248,0.004389830864965916,0.004389830864965916
2021-09-09,2021-08-30,0.011313822120428085,0.0,0.0,0.011313822120428085,0.00396546209231019,0.007348360028117895,0.007348360028117895
2021-09-10,2021-08-30,-0.005721630062907934,0.0,0.0,-0.005721630062907934,-0.0024924802128225565,-0.0032291498500853777,-0.0032291498500853777
2021-09-13,2021-08-30,0.009409534744918346,0.0,0.0,0.009409534744918346,0.006761528085917234,0.002648006659001112,0.002648006659001112
2021-09-14,2021-08-30,-0.020553790032863617,0.0,0.0,-0.020553790032863617,-0.011574245058000088,-0.00897954497486353,-0.00897954497486353
2021-09-15,2021-09-13,-0.0006614178419113159,0.51,0.000255,-0.0009164178419113159,0.007584809325635433,-0.008246227167546749,-0.00850122716754675
2021-09-16,2021-09-13,-0.005524886772036552,0.0,0.0,-0.005524886772036552,-0.019239181652665138,0.013714294880628586,0.013714294880628586
2021-09-17,2021-09-13,-0.005067035090178251,0.0,0.0,-0.005067035090178251,-0.0026985525619238615,-0.0023684825282543898,-0.0023684825282543898
2021-09-22,2021-09-13,0.0006036752602085471,0.0,0.0,0.0006036752602085471,0.006863705813884735,-0.006260030553676188,-0.006260030553676188
2021-09-23,2021-09-13,0.015478448010981083,0.0,0.0,0.015478448010981083,0.007671999279409647,0.007806448731571436,0.007806448731571436
2021-09-24,2021-09-13,-0.009943635202944279,0.0,0.0,-0.009943635202944279,-0.019746476784348488,0.00980284158140421,0.00980284158140421
2021-09-27,2021-09-13,-0.014519115909934044,0.0,0.0,-0.014519115909934044,-0.030908482149243355,0.01638936623930931,0.01638936623930931
2021-09-28,2021-09-13,0.0037693048361688852,0.0,0.0,0.0037693048361688852,0.005233250558376312,-0.001463945722207427,-0.001463945722207427
2021-09-29,2021-09-13,-0.016111403703689575,0.0,0.0,-0.016111403703689575,-0.03229455277323723,0.016183149069547653,0.016183149069547653
2021-09-30,2021-09-13,0.0019311190117150545,0.0,0.0,0.0019311190117150545,0.02132309600710869,-0.019391976995393634,-0.019391976995393634
2021-10-08,2021-09-29,0.020369643345475197,0.45999999999999996,0.00022999999999999998,0.020139643345475196,0.010036176070570946,0.010333467274904251,0.01010346727490425
2021-10-11,2021-09-29,0.008188026957213879,0.0,0.0,0.008188026957213879,-0.003188476199284196,0.011376503156498075,0.011376503156498075
2021-10-12,2021-09-29,-0.008824790827929974,0.0,0.0,-0.008824790827929974,-0.021837521344423294,0.01301273051649332,0.01301273051649332
2021-10-13,2021-09-29,0.005981511902064085,0.0,0.0,0.005981511902064085,0.000582390814088285,0.0053991210879758,0.0053991210879758
2021-10-14,2021-09-29,-0.00069213449023664,0.0,0.0,-0.00069213449023664,0.005363326985388994,-0.006055461475625634,-0.006055461475625634
2021-10-15,2021-09-29,-0.004591562319546938,0.0,0.0,-0.004591562319546938,-0.004893860779702663,0.0003022984601557255,0.0003022984601557255
2021-10-18,2021-09-29,-0.006516203284263611,0.0,0.0,-0.006516203284263611,0.0103934770449996,-0.01690968032926321,-0.01690968032926321
2021-10-19,2021-09-29,0.006578696426004171,0.0,0.0,0.006578696426004171,0.008562210947275162,-0.0019835145212709904,-0.0019835145212709904
2021-10-20,2021-09-29,-0.004677180200815201,0.0,0.0,-0.004677180200815201,-0.0008982220897451043,-0.0037789581110700965,-0.0037789581110700965
2021-10-21,2021-09-29,-0.0038710511289536953,0.0,0.0,-0.0038710511289536953,-0.002029605209827423,-0.0018414459191262722,-0.0018414459191262722
2021-10-22,2021-10-20,0.0021333862096071243,0.41000000000000003,0.00020500000000000002,0.0019283862096071242,-0.01096547581255436,0.013098862022161484,0.012893862022161483
2021-10-25,2021-10-20,-0.001759800361469388,0.0,0.0,-0.001759800361469388,0.010629941709339619,-0.012389742070809007,-0.012389742070809007
2021-10-26,2021-10-20,-0.0016429949318990111,0.0,0.0,-0.0016429949318990111,-0.002959012985229492,0.001316018053330481,0.001316018053330481
2021-10-27,2021-10-20,-0.01683375984430313,0.0,0.0,-0.01683375984430313,-0.01257757842540741,-0.0042561814188957214,-0.0042561814188957214
2021-10-28,2021-10-20,-0.008920920081436634,0.0,0.0,-0.008920920081436634,-0.021864065900444984,0.01294314581900835,0.01294314581900835
2021-10-29,2021-10-20,0.014453649520874023,0.0,0.0,0.014453649520874023,0.015700092539191246,-0.0012464430183172226,-0.0012464430183172226
2021-11-01,2021-10-20,0.010331311263144016,0.0,0.0,0.010331311263144016,0.011572686955332756,-0.0012413756921887398,-0.0012413756921887398
2021-11-02,2021-10-20,-0.0076308525167405605,0.0,0.0,-0.0076308525167405605,-0.014881743118166924,0.007250890601426363,0.007250890601426363
2021-11-03,2021-10-20,0.005319973919540644,0.0,0.0,0.005319973919540644,0.0044771283864974976,0.0008428455330431461,0.0008428455330431461
2021-11-04,2021-10-20,0.005359617527574301,0.0,0.0,0.005359617527574301,0.013667416758835316,-0.008307799231261015,-0.008307799231261015
2021-11-05,2021-11-03,-0.00016195297939702868,0.38,0.00019,-0.0003519529793970287,-0.011231440119445324,0.011069487140048295,0.010879487140048296
2021-11-08,2021-11-03,0.002729130908846855,0.0,0.0,0.002729130908846855,0.006555850151926279,-0.003826719243079424,-0.003826719243079424
2021-11-09,2021-11-03,0.0036130934022367,0.0,0.0,0.0036130934022367,0.010133092291653156,-0.006519998889416456,-0.006519998889416456
2021-11-10,2021-11-03,-3.66926201422757e-06,0.0,0.0,-3.66926201422757e-06,0.001126580755226314,-0.0011302500172405416,-0.0011302500172405416
2021-11-11,2021-11-03,0.01222400926053524,0.0,0.0,0.01222400926053524,0.00986380036920309,0.0023602088913321495,0.0023602088913321495
2021-11-12,2021-11-03,-0.00262988219037652,0.0,0.0,-0.00262988219037652,0.008209582418203354,-0.010839464608579874,-0.010839464608579874
2021-11-15,2021-11-03,0.004115501418709755,0.0,0.0,0.004115501418709755,0.000546316325198859,0.003569185093510896,0.003569185093510896
2021-11-16,2021-11-03,-0.004881144035607576,0.0,0.0,-0.004881144035607576,-0.008325436152517796,0.003444292116910219,0.003444292116910219
2021-11-17,2021-11-03,0.0010555667104199529,0.0,0.0,0.0010555667104199529,0.014111142605543137,-0.013055575895123184,-0.013055575895123184
2021-11-18,2021-11-03,-0.00916384533047676,0.0,0.0,-0.00916384533047676,-0.003839329583570361,-0.0053245157469064,-0.0053245157469064
2021-11-19,2021-11-17,0.009311993606388569,0.36,0.00017999999999999998,0.00913199360638857,0.011712023988366127,-0.002400030381977558,-0.0025800303819775577
2021-11-22,2021-11-17,-0.0017965364968404174,0.0,0.0,-0.0017965364968404174,0.01011738646775484,-0.011913922964595258,-0.011913922964595258
2021-11-23,2021-11-17,0.003389893099665642,0.0,0.0,0.003389893099665642,0.002680072793737054,0.0007098203059285879,0.0007098203059285879
2021-11-24,2021-11-17,0.0003144633665215224,0.0,0.0,0.0003144633665215224,0.00041875982424244285,-0.00010429645772092044,-0.00010429645772092044
2021-11-25,2021-11-17,-0.0009362858254462481,0.0,0.0,-0.0009362858254462481,-0.0012603405630216002,0.0003240547375753522,0.0003240547375753522
2021-11-26,2021-11-17,-0.005348758306354284,0.0,0.0,-0.005348758306354284,-0.002032630378380418,-0.0033161279279738665,-0.0033161279279738665
2021-11-29,2021-11-17,-0.006085372995585203,0.0,0.0,-0.006085372995585203,0.0015494406688958406,-0.007634813664481044,-0.007634813664481044
2021-11-30,2021-11-17,0.006132235750555992,0.0,0.0,0.006132235750555992,0.006436879280954599,-0.00030464353039860725,-0.00030464353039860725
2021-12-01,2021-11-17,0.007891593500971794,0.0,0.0,0.007891593500971794,0.008288247510790825,-0.00039665400981903076,-0.00039665400981903076
2021-12-02,2021-11-17,0.000930906506255269,0.0,0.0,0.000930906506255269,-0.010539871640503407,0.011470778146758676,0.011470778146758676
2021-12-03,2021-12-01,0.005206558387726545,0.33999999999999997,0.00016999999999999999,0.005036558387726545,0.007714352570474148,-0.0025077941827476025,-0.0026777941827476025
2021-12-06,2021-12-01,-0.002256081672385335,0.0,0.0,-0.002256081672385335,-0.010471386834979057,0.008215305162593722,0.008215305162593722
2021-12-07,2021-12-01,0.004609516356140375,0.0,0.0,0.004609516356140375,-0.008033239282667637,0.012642755638808012,0.012642755638808012
2021-12-08,2021-12-01,0.004934478085488081,0.0,0.0,0.004934478085488081,0.01529190968722105,-0.01035743160173297,-0.01035743160173297
2021-12-09,2021-12-01,0.010510092601180077,0.0,0.0,0.010510092601180077,0.003347430843859911,0.007162661757320166,0.007162661757320166
2021-12-10,2021-12-01,-0.007411395665258169,0.0,0.0,-0.007411395665258169,-0.0004548492142930627,-0.0069565464509651065,-0.0069565464509651065
2021-12-13,2021-12-01,0.0011265211505815387,0.0,0.0,0.0011265211505815387,0.008243843913078308,-0.007117322762496769,-0.007117322762496769
2021-12-14,2021-12-01,-0.0071920896880328655,0.0,0.0,-0.0071920896880328655,0.0004254751547705382,-0.007617564842803404,-0.007617564842803404
2021-12-15,2021-12-01,0.00019553033052943647,0.0,0.0,0.00019553033052943647,0.0002703384670894593,-7.480813656002283e-05,-7.480813656002283e-05
2021-12-16,2021-12-01,0.006975507363677025,0.0,0.0,0.006975507363677025,0.009321572259068489,-0.0023460648953914642,-0.0023460648953914642
2021-12-17,2021-12-15,-0.0012565010692924261,0.35,0.000175,-0.0014315010692924261,-0.00692657008767128,0.005670069018378854,0.005495069018378854
2021-12-20,2021-12-15,-0.002276903949677944,0.0,0.0,-0.002276903949677944,-0.016464145854115486,0.014187241904437542,0.014187241904437542
2021-12-21,2021-12-15,0.01316897664219141,0.0,0.0,0.01316897664219141,0.01448009442538023,-0.0013111177831888199,-0.0013111177831888199
2021-12-22,2021-12-15,-0.0011132300132885575,0.0,0.0,-0.0011132300132885575,0.006000186316668987,-0.007113416329957545,-0.007113416329957545
2021-12-23,2021-12-15,-0.001576725859194994,0.0,0.0,-0.001576725859194994,-0.0009667519479990005,-0.0006099739111959934,-0.0006099739111959934
2021-12-24,2021-12-15,-0.0006415563984774053,0.0,0.0,-0.0006415563984774053,-0.016858676448464394,0.01621712004998699,0.01621712004998699
2021-12-27,2021-12-15,0.005463002249598503,0.0,0.0,0.005463002249598503,0.0009355355286970735,0.00452746672090143,0.00452746672090143
2021-12-28,2021-12-15,0.00019240379333496094,0.0,0.0,0.00019240379333496094,0.0069258566945791245,-0.0067334529012441635,-0.0067334529012441635
2021-12-29,2021-12-15,-0.0033926849719136953,0.0,0.0,-0.0033926849719136953,-0.0029831579886376858,-0.00040952698327600956,-0.00040952698327600956
2021-12-30,2021-12-15,0.005364703945815563,0.0,0.0,0.005364703945815563,0.010092376731336117,-0.004727672785520554,-0.004727672785520554
2021-12-31,2021-12-29,0.0062851207330822945,0.42000000000000004,0.00021000000000000004,0.006075120733082294,0.008439794182777405,-0.0021546734496951103,-0.0023646734496951104
2022-01-04,2021-12-29,0.012060063891112804,0.0,0.0,0.012060063891112804,0.008513610810041428,0.003546453081071377,0.003546453081071377
2022-01-05,2021-12-29,-0.0023842102382332087,0.0,0.0,-0.0023842102382332087,-0.017056448385119438,0.01467223814688623,0.01467223814688623
2022-01-06,2021-12-29,-0.0013792234240099788,0.0,0.0,-0.0013792234240099788,0.006273632403463125,-0.007652855827473104,-0.007652855827473104
2022-01-07,2021-12-29,0.002920957747846842,0.0,0.0,0.002920957747846842,-0.01543977577239275,0.01836073352023959,0.01836073352023959
2022-01-10,2021-12-29,0.008351811207830906,0.0,0.0,0.008351811207830906,0.0049148499965667725,0.0034369612112641335,0.0034369612112641335
2022-01-11,2021-12-29,-0.0002404373954050243,0.0,0.0,-0.0002404373954050243,-0.007825624197721481,0.007585186802316457,0.007585186802316457
2022-01-12,2021-12-29,0.0025995136238634586,0.0,0.0,0.0025995136238634586,0.012064123526215553,-0.009464609902352095,-0.009464609902352095
2022-01-13,2021-12-29,-0.003989990334957838,0.0,0.0,-0.003989990334957838,-0.013830170035362244,0.009840179700404406,0.009840179700404406
2022-01-14,2021-12-29,-0.010163663886487484,0.0,0.0,-0.010163663886487484,-0.0021170219406485558,-0.008046641945838928,-0.008046641945838928
2022-01-17,2022-01-13,0.0018681669607758522,0.36,0.00017999999999999998,0.0016881669607758522,0.01470684353262186,-0.012838676571846008,-0.013018676571846008
2022-01-18,2022-01-13,0.005147456657141447,0.0,0.0,0.005147456657141447,-0.0069004567340016365,0.012047913391143084,0.012047913391143084
2022-01-19,2022-01-13,-0.0009563998901285231,0.0,0.0,-0.0009563998901285231,-0.0027175452560186386,0.0017611453658901155,0.0017611453658901155
2022-01-20,2022-01-13,0.0050931102596223354,0.0,0.0,0.0050931102596223354,-0.017136014997959137,0.022229125257581472,0.022229125257581472
2022-01-21,2022-01-13,-0.008095075376331806,0.0,0.0,-0.008095075376331806,-0.01458637323230505,0.006491297855973244,0.006491297855973244
2022-01-24,2022-01-13,-0.008440411649644375,0.0,0.0,-0.008440411649644375,-0.0004968551802448928,-0.007943556469399482,-0.007943556469399482
2022-01-25,2022-01-13,-0.027193592861294746,0.0,0.0,-0.027193592861294746,-0.04170839861035347,0.014514805749058723,0.014514805749058723
2022-01-26,2022-01-13,0.005003674421459436,0.0,0.0,0.005003674421459436,0.0056390962563455105,-0.0006354218348860741,-0.0006354218348860741
2022-01-27,2022-01-13,-0.022345248609781265,0.0,0.0,-0.022345248609781265,-0.03125476464629173,0.008909516036510468,0.008909516036510468
2022-01-28,2022-01-13,-0.0016199200181290507,0.0,0.0,-0.0016199200181290507,0.0043259272351861,-0.005945847253315151,-0.005945847253315151
2022-02-07,2022-01-27,0.018935304135084152,0.43000000000000005,0.00021500000000000002,0.018720304135084152,0.015879100188612938,0.0030562039464712143,0.0028412039464712144
2022-02-08,2022-01-27,0.018929120153188705,0.0,0.0,0.018929120153188705,0.013441306538879871,0.005487813614308834,0.005487813614308834
2022-02-09,2022-01-27,0.005729104857891798,0.0,0.0,0.005729104857891798,0.01946164295077324,-0.013732538092881441,-0.013732538092881441
2022-02-10,2022-01-27,0.005883726291358471,0.0,0.0,0.005883726291358471,-0.0007665944867767394,0.00665032077813521,0.00665032077813521
2022-02-11,2022-01-27,-0.0035672890953719616,0.0,0.0,-0.0035672890953719616,-0.017742738127708435,0.014175449032336473,0.014175449032336473
2022-02-14,2022-01-27,-0.009439708665013313,0.0,0.0,-0.009439708665013313,-0.0038958387449383736,-0.00554386992007494,-0.00554386992007494
2022-02-15,2022-01-27,-0.0011040237732231617,0.0,0.0,-0.0011040237732231617,0.006710843648761511,-0.007814867421984673,-0.007814867421984673
2022-02-16,2022-01-27,0.004146968480199575,0.0,0.0,0.004146968480199575,0.008324728347361088,-0.004177759867161512,-0.004177759867161512
2022-02-17,2022-01-27,-0.0039012727793306112,0.0,0.0,-0.0039012727793306112,-0.0014003636315464973,-0.002500909147784114,-0.002500909147784114
2022-02-18,2022-01-27,0.00697321305051446,0.0,0.0,0.00697321305051446,0.0099268089979887,-0.0029535959474742413,-0.0029535959474742413
2022-02-21,2022-02-17,0.004822645802050829,0.36,0.00017999999999999998,0.004642645802050829,0.014554278925061226,-0.009731633123010397,-0.009911633123010397
2022-02-22,2022-02-17,-0.011257266625761986,0.0,0.0,-0.011257266625761986,-0.010723392479121685,-0.0005338741466403008,-0.0005338741466403008
2022-02-23,2022-02-17,0.00578110758215189,0.0,0.0,0.00578110758215189,0.012529971078038216,-0.006748863495886326,-0.006748863495886326
2022-02-24,2022-02-17,-0.016645831987261772,0.0,0.0,-0.016645831987261772,-0.024681154638528824,0.008035322651267052,0.008035322651267052
2022-02-25,2022-02-17,0.0014325344236567616,0.0,0.0,0.0014325344236567616,0.0062703657895326614,-0.0048378313658759,-0.0048378313658759
2022-02-28,2022-02-17,-0.0009868592023849487,0.0,0.0,-0.0009868592023849487,0.003097236156463623,-0.004084095358848572,-0.004084095358848572
2022-03-01,2022-02-17,0.005829453002661467,0.0,0.0,0.005829453002661467,0.008465515449643135,-0.0026360624469816685,-0.0026360624469816685
2022-03-02,2022-02-17,0.00028022826882079244,0.0,0.0,0.00028022826882079244,0.003643448231741786,-0.0033632199629209936,-0.0033632199629209936
2022-03-03,2022-02-17,0.003315777750685811,0.0,0.0,0.003315777750685811,-0.0023485301062464714,0.0056643078569322824,0.0056643078569322824
2022-03-04,2022-02-17,-0.009651822969317436,0.0,0.0,-0.009651822969317436,-0.012732278555631638,0.0030804555863142014,0.0030804555863142014
2022-03-07,2022-03-03,-0.017054948955774307,0.37,0.000185,-0.01723994895577431,-0.01684541627764702,-0.00020953267812728882,-0.00039453267812728995
2022-03-08,2022-03-03,-0.030138932168483734,0.0,0.0,-0.030138932168483734,-0.031622208654880524,0.0014832764863967896,0.0014832764863967896
2022-03-09,2022-03-03,-0.023652568459510803,0.0,0.0,-0.023652568459510803,-0.011954214423894882,-0.011698354035615921,-0.011698354035615921
2022-03-10,2022-03-03,0.012024632655084133,0.0,0.0,0.012024632655084133,0.01899014040827751,-0.0069655077531933784,-0.0069655077531933784
2022-03-11,2022-03-03,0.015007669106125832,0.0,0.0,0.015007669106125832,0.008196409791707993,0.006811259314417839,0.006811259314417839
2022-03-14,2022-03-03,-0.013692825101315975,0.0,0.0,-0.013692825101315975,-0.02632582001388073,0.012632994912564754,0.012632994912564754
2022-03-15,2022-03-03,-0.050594259053468704,0.0,0.0,-0.050594259053468704,-0.053031887859106064,0.0024376288056373596,0.0024376288056373596
2022-03-16,2022-03-03,0.029466699808835983,0.0,0.0,0.029466699808835983,0.034134820103645325,-0.004668120294809341,-0.004668120294809341
2022-03-17,2022-03-03,0.008611115626990795,0.0,0.0,0.008611115626990795,0.018203742802143097,-0.009592627175152302,-0.009592627175152302
2022-03-18,2022-03-03,0.013213923200964928,0.0,0.0,0.013213923200964928,0.014415002427995205,-0.0012010792270302773,-0.0012010792270302773
2022-03-21,2022-03-17,-0.004230322781950235,0.37,0.000185,-0.004415322781950236,0.01017846167087555,-0.014408784452825785,-0.014593784452825786
2022-03-22,2022-03-17,0.00582991074770689,0.0,0.0,0.00582991074770689,-0.0011076650116592646,0.006937575759366155,0.006937575759366155
2022-03-23,2022-03-17,0.0019475853769108653,0.0,0.0,0.0019475853769108653,0.0023624603636562824,-0.0004148749867454171,-0.0004148749867454171
2022-03-24,2022-03-17,-0.00933171808719635,0.0,0.0,-0.00933171808719635,-0.010566690936684608,0.0012349728494882584,0.0012349728494882584
2022-03-25,2022-03-17,-0.004258715081959963,0.0,0.0,-0.004258715081959963,-0.007594215217977762,0.0033355001360177994,0.0033355001360177994
2022-03-28,2022-03-17,0.004555089864879847,0.0,0.0,0.004555089864879847,-0.0005475602229125798,0.005102650087792426,0.005102650087792426
2022-03-29,2022-03-17,-0.0052561587654054165,0.0,0.0,-0.0052561587654054165,-0.004452238790690899,-0.0008039199747145176,-0.0008039199747145176
2022-03-30,2022-03-17,0.016826866194605827,0.0,0.0,0.016826866194605827,0.017214594408869743,-0.000387728214263916,-0.000387728214263916
2022-03-31,2022-03-17,0.00015471279039047658,0.0,0.0,0.00015471279039047658,-0.006230720318853855,0.006385433109244332,0.006385433109244332
2022-04-01,2022-03-17,0.007817722856998444,0.0,0.0,0.007817722856998444,0.0021774456836283207,0.005640277173370123,0.005640277173370123
2022-04-06,2022-03-31,0.01286911591887474,0.31000000000000005,0.00015500000000000003,0.01271411591887474,0.008856568485498428,0.004012547433376312,0.0038575474333763116
2022-04-07,2022-03-31,-0.01654464565217495,0.0,0.0,-0.01654464565217495,-0.02307705767452717,0.006532412022352219,0.006532412022352219
2022-04-08,2022-03-31,0.006481683347374201,0.0,0.0,0.006481683347374201,-0.002218976616859436,0.008700659964233637,0.008700659964233637
2022-04-11,2022-03-31,-0.02071882225573063,0.0,0.0,-0.02071882225573063,-0.02996220625936985,0.009243384003639221,0.009243384003639221
2022-04-12,2022-03-31,0.017112217843532562,0.0,0.0,0.017112217843532562,0.017124202102422714,-1.1984258890151978e-05,-1.1984258890151978e-05
2022-04-13,2022-03-31,-0.014086518436670303,0.0,0.0,-0.014086518436670303,-0.020861253142356873,0.006774734705686569,0.006774734705686569
2022-04-14,2022-03-31,0.008106549270451069,0.0,0.0,0.008106549270451069,0.01333047915250063,-0.0052239298820495605,-0.0052239298820495605
2022-04-15,2022-03-31,-0.006411274895071983,0.0,0.0,-0.006411274895071983,-0.015971126034855843,0.00955985113978386,0.00955985113978386
2022-04-18,2022-03-31,-0.009545892477035522,0.0,0.0,-0.009545892477035522,-0.0008267286466434598,-0.008719163830392063,-0.008719163830392063
2022-04-19,2022-03-31,0.004974741954356432,0.0,0.0,0.004974741954356432,0.006999683100730181,-0.0020249411463737488,-0.0020249411463737488
2022-04-20,2022-04-18,-0.012797541916370392,0.4,0.0002,-0.012997541916370392,-0.01736263372004032,0.0045650918036699295,0.004365091803669929
2022-04-21,2022-04-18,-0.022302642464637756,0.0,0.0,-0.022302642464637756,-0.04121257737278938,0.018909934908151627,0.018909934908151627
2022-04-22,2022-04-18,0.0012759572127833962,0.0,0.0,0.0012759572127833962,-0.011095396243035793,0.01237135345581919,0.01237135345581919
2022-04-25,2022-04-18,-0.05642324313521385,0.0,0.0,-0.05642324313521385,-0.07276386022567749,0.01634061709046364,0.01634061709046364
2022-04-26,2022-04-18,-0.02609224058687687,0.0,0.0,-0.02609224058687687,-0.027399400249123573,0.001307159662246704,0.001307159662246704
2022-04-27,2022-04-18,0.02336409129202366,0.0,0.0,0.02336409129202366,0.03657275438308716,-0.0132086630910635,-0.0132086630910635
2022-04-28,2022-04-18,-0.007726296316832304,0.0,0.0,-0.007726296316832304,-0.009030129760503769,0.001303833443671465,0.001303833443671465
2022-04-29,2022-04-18,0.030317682772874832,0.0,0.0,0.030317682772874832,0.0418529137969017,-0.01153523102402687,-0.01153523102402687
2022-05-05,2022-04-18,0.0015769117744639516,0.0,0.0,0.0015769117744639516,0.015423002652823925,-0.013846090878359973,-0.013846090878359973
2022-05-06,2022-04-18,-0.019272394478321075,0.0,0.0,-0.019272394478321075,-0.018711302429437637,-0.0005610920488834381,-0.0005610920488834381
2022-05-09,2022-05-05,0.00840745773166418,0.4,0.0002,0.00820745773166418,0.01423260010778904,-0.005825142376124859,-0.006025142376124859
2022-05-10,2022-05-05,0.006647738162428141,0.0,0.0,0.006647738162428141,0.015331667847931385,-0.008683929685503244,-0.008683929685503244
2022-05-11,2022-05-05,-0.001105141593143344,0.0,0.0,-0.001105141593143344,0.00560064846649766,-0.006705790059641004,-0.006705790059641004
2022-05-12,2022-05-05,0.0008432686445303261,0.0,0.0,0.0008432686445303261,0.004999836906790733,-0.004156568262260407,-0.004156568262260407
2022-05-13,2022-05-05,0.010828841477632523,0.0,0.0,0.010828841477632523,0.0079427445307374,0.0028860969468951225,0.0028860969468951225
2022-05-16,2022-05-05,-0.005208389367908239,0.0,0.0,-0.005208389367908239,0.0022994813043624163,-0.007507870672270656,-0.007507870672270656
2022-05-17,2022-05-05,-0.0005868833977729082,0.0,0.0,-0.0005868833977729082,0.0002540118002798408,-0.000840895198052749,-0.000840895198052749
2022-05-18,2022-05-05,-0.0023684713523834944,0.0,0.0,-0.0023684713523834944,0.0011647084029391408,-0.003533179755322635,-0.003533179755322635
2022-05-19,2022-05-05,-0.0002933915238827467,0.0,0.0,-0.0002933915238827467,0.005599904339760542,-0.005893295863643289,-0.005893295863643289
2022-05-20,2022-05-05,0.012735124677419662,0.0,0.0,0.012735124677419662,0.014697859063744545,-0.0019627343863248825,-0.0019627343863248825
2022-05-23,2022-05-19,0.00365498848259449,0.31999999999999995,0.00015999999999999999,0.00349498848259449,0.008282567374408245,-0.004627578891813755,-0.0047875788918137555
2022-05-24,2022-05-19,-0.021828312426805496,0.0,0.0,-0.021828312426805496,-0.03893012925982475,0.017101816833019257,0.017101816833019257
2022-05-25,2022-05-19,0.011910871602594852,0.0,0.0,0.011910871602594852,0.021301213651895523,-0.00939034204930067,-0.00939034204930067
2022-05-26,2022-05-19,0.009861740283668041,0.0,0.0,0.009861740283668041,0.007863675244152546,0.0019980650395154953,0.0019980650395154953
2022-05-27,2022-05-19,0.000323896441841498,0.0,0.0,0.000323896441841498,0.0014295474393293262,-0.0011056509974878281,-0.0011056509974878281
2022-05-30,2022-05-19,0.0004363234620541334,0.0,0.0,0.0004363234620541334,0.008373824879527092,-0.007937501417472959,-0.007937501417472959
2022-05-31,2022-05-19,0.007870580069720745,0.0,0.0,0.007870580069720745,0.009687297977507114,-0.0018167179077863693,-0.0018167179077863693
2022-06-01,2022-05-19,-0.0014088472817093134,0.0,0.0,-0.0014088472817093134,0.0025542727671563625,-0.003963120048865676,-0.003963120048865676
2022-06-02,2022-05-19,0.0013421918265521526,0.0,0.0,0.0013421918265521526,0.002488631522282958,-0.0011464396957308054,-0.0011464396957308054
2022-06-06,2022-05-19,0.004793581552803516,0.0,0.0,0.004793581552803516,0.016453007236123085,-0.011659425683319569,-0.011659425683319569
2022-06-07,2022-06-02,0.0021983105689287186,0.26,0.00013000000000000002,0.0020683105689287187,-6.301320536294952e-05,0.002261323774291668,0.002131323774291668
2022-06-08,2022-06-02,0.005913744680583477,0.0,0.0,0.005913744680583477,0.003116479143500328,0.002797265537083149,0.002797265537083149
2022-06-09,2022-06-02,8.435547351837158e-05,0.0,0.0,8.435547351837158e-05,-0.014639731496572495,0.014724086970090866,0.014724086970090866
2022-06-10,2022-06-02,0.011447018012404442,0.0,0.0,0.011447018012404442,0.017811324447393417,-0.0063643064349889755,-0.0063643064349889755
2022-06-13,2022-06-02,-0.009317314252257347,0.0,0.0,-0.009317314252257347,0.0023370676208287477,-0.011654381873086095,-0.011654381873086095
2022-06-14,2022-06-02,0.01764131896197796,0.0,0.0,0.01764131896197796,0.005588082130998373,0.012053236830979586,0.012053236830979586
2022-06-15,2022-06-02,0.017334183678030968,0.0,0.0,0.017334183678030968,0.0007863764185458422,0.016547807259485126,0.016547807259485126
2022-06-16,2022-06-02,-0.014730291441082954,0.0,0.0,-0.014730291441082954,0.0028410267550498247,-0.01757131819613278,-0.01757131819613278
2022-06-17,2022-06-02,0.0005023122066631913,0.0,0.0,0.0005023122066631913,0.0062577975913882256,-0.005755485384725034,-0.005755485384725034
2022-06-20,2022-06-02,-0.0021698654163628817,0.0,0.0,-0.0021698654163628817,0.00876887422055006,-0.010938739636912942,-0.010938739636912942
2022-06-21,2022-06-17,0.0011544853914529085,0.39,0.00019500000000000002,0.0009594853914529084,-0.006638906896114349,0.007793392287567258,0.007598392287567258
2022-06-22,2022-06-17,-0.012913651764392853,0.0,0.0,-0.012913651764392853,-0.013461700640618801,0.0005480488762259483,0.0005480488762259483
2022-06-23,2022-06-17,0.009384861215949059,0.0,0.0,0.009384861215949059,0.01945948228240013,-0.010074621066451073,-0.010074621066451073
2022-06-24,2022-06-17,0.001569756306707859,0.0,0.0,0.001569756306707859,0.008809283375740051,-0.007239527069032192,-0.007239527069032192
2022-06-27,2022-06-17,0.0035477089695632458,0.0,0.0,0.0035477089695632458,0.008361549116671085,-0.00481384014710784,-0.00481384014710784
2022-06-28,2022-06-17,0.008741562254726887,0.0,0.0,0.008741562254726887,0.013212327845394611,-0.004470765590667725,-0.004470765590667725
2022-06-29,2022-06-17,-0.0064413659274578094,0.0,0.0,-0.0064413659274578094,-0.020540671423077583,0.014099305495619774,0.014099305495619774
2022-06-30,2022-06-17,0.005920322146266699,0.0,0.0,0.005920322146266699,0.009478865191340446,-0.0035585430450737476,-0.0035585430450737476
2022-07-01,2022-06-17,-0.0013852172996848822,0.0,0.0,-0.0013852172996848822,-0.001922847586683929,0.0005376302869990468,0.0005376302869990468
2022-07-04,2022-06-17,0.004873791243880987,0.0,0.0,0.004873791243880987,0.009150595404207706,-0.004276804160326719,-0.004276804160326719
2022-07-05,2022-07-01,-0.0008275914005935192,0.42000000000000004,0.00021000000000000004,-0.0010375914005935193,-0.004446070641279221,0.0036184792406857014,0.0034084792406857013
2022-07-06,2022-07-01,-0.014326364733278751,0.0,0.0,-0.014326364733278751,-0.015167816542088985,0.0008414518088102341,0.0008414518088102341
2022-07-07,2022-07-01,0.0009474187972955406,0.0,0.0,0.0009474187972955406,0.009713083505630493,-0.008765664708334953,-0.008765664708334953
2022-07-08,2022-07-01,0.0035877847112715244,0.0,0.0,0.0035877847112715244,-0.0019827119540423155,0.00557049666531384,0.00557049666531384
2022-07-11,2022-07-01,-0.002240822883322835,0.0,0.0,-0.002240822883322835,-0.011759204789996147,0.009518381906673312,0.009518381906673312
2022-07-12,2022-07-01,-0.0009030902292579412,0.0,0.0,-0.0009030902292579412,-0.01233226340264082,0.011429173173382878,0.011429173173382878
2022-07-13,2022-07-01,0.002820553258061409,0.0,0.0,0.002820553258061409,0.010302402079105377,-0.007481848821043968,-0.007481848821043968
2022-07-14,2022-07-01,-0.01047914382070303,0.0,0.0,-0.01047914382070303,0.003124989103525877,-0.013604132924228907,-0.013604132924228907
2022-07-15,2022-07-01,-0.024947311729192734,0.0,0.0,-0.024947311729192734,-0.019219160079956055,-0.005728151649236679,-0.005728151649236679
2022-07-18,2022-07-01,0.02046375907957554,0.0,0.0,0.02046375907957554,0.024122687056660652,-0.0036589279770851135,-0.0036589279770851135
2022-07-19,2022-07-15,0.005595534574240446,0.42000000000000004,0.00021000000000000004,0.005385534574240446,0.007276969030499458,-0.0016814344562590122,-0.0018914344562590123
2022-07-20,2022-07-15,0.0038969023153185844,0.0,0.0,0.0038969023153185844,0.010359597392380238,-0.006462695077061653,-0.006462695077061653
2022-07-21,2022-07-15,-0.006577860563993454,0.0,0.0,-0.006577860563993454,-0.006999498698860407,0.0004216381348669529,0.0004216381348669529
2022-07-22,2022-07-15,0.00010133445175597444,0.0,0.0,0.00010133445175597444,-0.0036120456643402576,0.003713380116096232,0.003713380116096232
2022-07-25,2022-07-15,-0.0037327809259295464,0.0,0.0,-0.0037327809259295464,-0.01152700837701559,0.007794227451086044,0.007794227451086044
2022-07-26,2022-07-15,0.0071532102301716805,0.0,0.0,0.0071532102301716805,0.012493504211306572,-0.0053402939811348915,-0.0053402939811348915
2022-07-27,2022-07-15,-0.003095644759014249,0.0,0.0,-0.003095644759014249,0.003866630606353283,-0.006962275365367532,-0.006962275365367532
2022-07-28,2022-07-15,0.0026337129529565573,0.0,0.0,0.0026337129529565573,0.004986473359167576,-0.0023527604062110186,-0.0023527604062110186
2022-07-29,2022-07-15,-0.006821096409112215,0.0,0.0,-0.006821096409112215,-0.006447021383792162,-0.0003740750253200531,-0.0003740750253200531
2022-08-01,2022-07-15,-0.005536042619496584,0.0,0.0,-0.005536042619496584,0.004948433954268694,-0.010484476573765278,-0.010484476573765278
2022-08-02,2022-07-29,-0.02285296656191349,0.39,0.00019500000000000002,-0.02304796656191349,-0.03807266056537628,0.015219694003462791,0.01502469400346279
2022-08-03,2022-07-29,-0.006197025068104267,0.0,0.0,-0.006197025068104267,-0.0057950709015131,-0.00040195416659116745,-0.00040195416659116745
2022-08-04,2022-07-29,0.008469434455037117,0.0,0.0,0.008469434455037117,0.011889331042766571,-0.003419896587729454,-0.003419896587729454
2022-08-05,2022-07-29,0.01677015610039234,0.0,0.0,0.01677015610039234,0.011163070797920227,0.0056070853024721146,0.0056070853024721146
2022-08-08,2022-07-29,0.0003494232951197773,0.0,0.0,0.0003494232951197773,0.012704174965620041,-0.012354751670500264,-0.012354751670500264
2022-08-09,2022-07-29,-0.002360125770792365,0.0,0.0,-0.002360125770792365,0.0025254436768591404,-0.0048855694476515055,-0.0048855694476515055
2022-08-10,2022-07-29,-0.004388526082038879,0.0,0.0,-0.004388526082038879,0.0010841968469321728,-0.005472722928971052,-0.005472722928971052
2022-08-11,2022-07-29,0.02042226307094097,0.0,0.0,0.02042226307094097,0.014376477338373661,0.00604578573256731,0.00604578573256731
2022-08-12,2022-07-29,0.005268158856779337,0.0,0.0,0.005268158856779337,-0.0009643379016779363,0.006232496758457273,0.006232496758457273
2022-08-15,2022-07-29,-0.004695732146501541,0.0,0.0,-0.004695732146501541,0.007549427915364504,-0.012245160061866045,-0.012245160061866045
2022-08-16,2022-08-12,-0.000540938985068351,0.39,0.00019500000000000002,-0.0007359389850683511,0.006029465235769749,-0.0065704042208381,-0.0067654042208381
2022-08-17,2022-08-12,0.006322909612208605,0.0,0.0,0.006322909612208605,0.004176420625299215,0.0021464889869093895,0.0021464889869093895
2022-08-18,2022-08-12,-0.011179063469171524,0.0,0.0,-0.011179063469171524,-0.0006700980011373758,-0.010508965468034148,-0.010508965468034148
2022-08-19,2022-08-12,0.0007915693568065763,0.0,0.0,0.0007915693568065763,-0.01334934402257204,0.014140913379378617,0.014140913379378617
2022-08-22,2022-08-12,0.007481636945158243,0.0,0.0,0.007481636945158243,0.006935341749340296,0.0005462951958179474,0.0005462951958179474
2022-08-23,2022-08-12,-0.003752155927941203,0.0,0.0,-0.003752155927941203,0.003272131085395813,-0.007024287013337016,-0.007024287013337016
2022-08-24,2022-08-12,-0.010937427170574665,0.0,0.0,-0.010937427170574665,-0.032000135630369186,0.02106270845979452,0.02106270845979452
2022-08-25,2022-08-12,0.013550123199820518,0.0,0.0,0.013550123199820518,-0.0005421736859716475,0.014092296885792166,0.014092296885792166
2022-08-26,2022-08-12,-0.0012895732652395964,0.0,0.0,-0.0012895732652395964,-0.004667000845074654,0.0033774275798350573,0.0033774275798350573
2022-08-29,2022-08-12,0.0011028576409444213,0.0,0.0,0.0011028576409444213,0.005112129729241133,-0.0040092720882967114,-0.0040092720882967114
2022-08-30,2022-08-26,0.004198417533189058,0.33999999999999997,0.00016999999999999999,0.004028417533189058,-0.0067862761206924915,0.01098469365388155,0.01081469365388155
2022-08-31,2022-08-26,-0.0021659941412508488,0.0,0.0,-0.0021659941412508488,-0.025387311354279518,0.02322131721302867,0.02322131721302867
2022-09-01,2022-08-26,-0.0023546642623841763,0.0,0.0,-0.0023546642623841763,-0.0059468005783855915,0.0035921363160014153,0.0035921363160014153
2022-09-02,2022-08-26,-0.0004976105410605669,0.0,0.0,-0.0004976105410605669,0.010005882941186428,-0.010503493482246995,-0.010503493482246995
2022-09-05,2022-08-26,0.004925600718706846,0.0,0.0,0.004925600718706846,0.003220599377527833,0.0017050013411790133,0.0017050013411790133
2022-09-06,2022-08-26,0.007474059239029884,0.0,0.0,0.007474059239029884,0.017623260617256165,-0.01014920137822628,-0.01014920137822628
2022-09-07,2022-08-26,-0.004534801933914423,0.0,0.0,-0.004534801933914423,0.0025951999705284834,-0.007130001904442906,-0.007130001904442906
2022-09-08,2022-08-26,-0.0007319855503737926,0.0,0.0,-0.0007319855503737926,-0.008214183151721954,0.007482197601348162,0.007482197601348162
2022-09-09,2022-08-26,0.010244459845125675,0.0,0.0,0.010244459845125675,0.0022425244096666574,0.008001935435459018,0.008001935435459018
2022-09-13,2022-08-26,6.601095083169639e-05,0.0,0.0,6.601095083169639e-05,0.0003009975189343095,-0.0002349865681026131,-0.0002349865681026131
2022-09-14,2022-09-09,-0.0075734700076282024,0.4,0.0002,-0.007773470007628202,-0.011467869393527508,0.0038943993858993053,0.0036943993858993057
2022-09-15,2022-09-09,-0.0038625942543148994,0.0,0.0,-0.0038625942543148994,-0.022000549361109734,0.018137955106794834,0.018137955106794834
2022-09-16,2022-09-09,-0.02802583947777748,0.0,0.0,-0.02802583947777748,-0.02666071429848671,-0.0013651251792907715,-0.0013651251792907715
2022-09-19,2022-09-09,-0.007262714672833681,0.0,0.0,-0.007262714672833681,-0.008365066722035408,0.001102352049201727,0.001102352049201727
2022-09-20,2022-09-09,0.0018678284250199795,0.0,0.0,0.0018678284250199795,0.012589375488460064,-0.010721547063440084,-0.010721547063440084
2022-09-21,2022-09-09,0.005062265321612358,0.0,0.0,0.005062265321612358,0.004160057287663221,0.0009022080339491367,0.0009022080339491367
2022-09-22,2022-09-09,-0.0060982489958405495,0.0,0.0,-0.0060982489958405495,-0.003467095550149679,-0.0026311534456908703,-0.0026311534456908703
2022-09-23,2022-09-09,-0.0026043332181870937,0.0,0.0,-0.0026043332181870937,-0.016322415322065353,0.01371808210387826,0.01371808210387826
2022-09-26,2022-09-09,-0.02339521236717701,0.0,0.0,-0.02339521236717701,-0.01927364245057106,-0.004121569916605949,-0.004121569916605949
2022-09-27,2022-09-09,0.01568698324263096,0.0,0.0,0.01568698324263096,0.02017240598797798,-0.004485422745347023,-0.004485422745347023
2022-09-28,2022-09-26,-0.01267789863049984,0.35,0.000175,-0.01285289863049984,-0.029669610783457756,0.016991712152957916,0.016816712152957915
2022-09-29,2022-09-26,-0.009593982249498367,0.0,0.0,-0.009593982249498367,-0.005444069858640432,-0.004149912390857935,-0.004149912390857935
2022-09-30,2022-09-26,0.0012573295971378684,0.0,0.0,0.0012573295971378684,-0.00994162168353796,0.011198951280675828,0.011198951280675828
2022-10-10,2022-09-26,-0.007661232724785805,0.0,0.0,-0.007661232724785805,-0.015440873801708221,0.007779641076922417,0.007779641076922417
2022-10-11,2022-09-26,0.0033941627480089664,0.0,0.0,0.0033941627480089664,0.008183054625988007,-0.00478889187797904,-0.00478889187797904
2022-10-12,2022-09-26,0.01577785611152649,0.0,0.0,0.01577785611152649,0.02525498904287815,-0.009477132931351662,-0.009477132931351662
2022-10-13,2022-09-26,-0.0011102169519290328,0.0,0.0,-0.0011102169519290328,0.0025173595640808344,-0.003627576516009867,-0.003627576516009867
2022-10-14,2022-09-26,0.013052612543106079,0.0,0.0,0.013052612543106079,0.021849052980542183,-0.008796440437436104,-0.008796440437436104
2022-10-17,2022-09-26,0.0059558553621172905,0.0,0.0,0.0059558553621172905,0.010556928813457489,-0.0046010734513401985,-0.0046010734513401985
2022-10-18,2022-09-26,-0.0011516481172293425,0.0,0.0,-0.0011516481172293425,0.0032012995798140764,-0.004352947697043419,-0.004352947697043419
2022-10-19,2022-10-17,-0.009914231486618519,0.38,0.00019,-0.010104231486618518,-0.010562692768871784,0.0006484612822532654,0.0004584612822532662
2022-10-20,2022-10-17,-0.003252672031521797,0.0,0.0,-0.003252672031521797,-0.004075358156114817,0.0008226861245930195,0.0008226861245930195
2022-10-21,2022-10-17,0.0004341548774391413,0.0,0.0,0.0004341548774391413,-0.00020833929011132568,0.000642494167550467,0.000642494167550467
2022-10-24,2022-10-17,-0.019415130838751793,0.0,0.0,-0.019415130838751793,-0.015330183319747448,-0.004084947519004345,-0.004084947519004345
2022-10-25,2022-10-17,-0.002423310186713934,0.0,0.0,-0.002423310186713934,-0.0028627647552639246,0.00043945456854999065,0.00043945456854999065
2022-10-26,2022-10-17,0.006897338200360537,0.0,0.0,0.006897338200360537,0.018501905724406242,-0.011604567524045706,-0.011604567524045706
2022-10-27,2022-10-17,0.004622776061296463,0.0,0.0,0.004622776061296463,-0.0006991706322878599,0.005321946693584323,0.005321946693584323
2022-10-28,2022-10-17,-0.02320994809269905,0.0,0.0,-0.02320994809269905,-0.03559400141239166,0.012384053319692612,0.012384053319692612
2022-10-31,2022-10-17,-0.0052527813240885735,0.0,0.0,-0.0052527813240885735,0.0057498496025800705,-0.011002630926668644,-0.011002630926668644
2022-11-01,2022-10-17,0.022551223635673523,0.0,0.0,0.022551223635673523,0.027177125215530396,-0.0046259015798568726,-0.0046259015798568726
2022-11-02,2022-10-31,0.005814326461404562,0.25,0.000125,0.005689326461404562,0.013189510442316532,-0.00737518398091197,-0.00750018398091197
2022-11-03,2022-10-31,-0.003466261550784111,0.0,0.0,-0.003466261550784111,0.0006002665613777936,-0.004066528112161905,-0.004066528112161905
2022-11-04,2022-10-31,0.016506491228938103,0.0,0.0,0.016506491228938103,0.022666506469249725,-0.006160015240311623,-0.006160015240311623
2022-11-07,2022-10-31,0.006319453939795494,0.0,0.0,0.006319453939795494,0.0058737206272780895,0.00044573331251740456,0.00044573331251740456
2022-11-08,2022-10-31,-0.00024129509984049946,0.0,0.0,-0.00024129509984049946,-0.0011795806931331754,0.0009382855932926759,0.0009382855932926759
2022-11-09,2022-10-31,0.0012283890973776579,0.0,0.0,0.0012283890973776579,-1.579772651894018e-05,0.001244186823896598,0.001244186823896598
2022-11-10,2022-10-31,0.003616111818701029,0.0,0.0,0.003616111818701029,-0.003944978583604097,0.007561090402305126,0.007561090402305126
2022-11-11,2022-10-31,0.017249301075935364,0.0,0.0,0.017249301075935364,0.008199912495911121,0.009049388580024242,0.009049388580024242
2022-11-14,2022-10-31,0.002711480250582099,0.0,0.0,0.002711480250582099,-0.0019913010764867067,0.004702781327068806,0.004702781327068806
2022-11-15,2022-10-31,0.010463413782417774,0.0,0.0,0.010463413782417774,0.019083237275481224,-0.00861982349306345,-0.00861982349306345
2022-11-16,2022-11-14,-0.002698010765016079,0.35,0.000175,-0.0028730107650160788,-0.004638814367353916,0.0019408036023378372,0.0017658036023378374
2022-11-17,2022-11-14,0.00047491013538092375,0.0,0.0,0.00047491013538092375,0.0029262204188853502,-0.0024513102835044265,-0.0024513102835044265
2022-11-18,2022-11-14,-0.006117209326475859,0.0,0.0,-0.006117209326475859,-0.006515026558190584,0.0003978172317147255,0.0003978172317147255
2022-11-21,2022-11-14,-0.004716760013252497,0.0,0.0,-0.004716760013252497,0.0012230166466906667,-0.005939776659943163,-0.005939776659943163
2022-11-22,2022-11-14,0.008873458951711655,0.0,0.0,0.008873458951711655,-0.011991099454462528,0.020864558406174183,0.020864558406174183
2022-11-23,2022-11-14,0.005734598729759455,0.0,0.0,0.005734598729759455,-0.0033497950062155724,0.009084393735975027,0.009084393735975027
2022-11-24,2022-11-14,-0.0022563720121979713,0.0,0.0,-0.0022563720121979713,0.0027464348822832108,-0.005002806894481182,-0.005002806894481182
2022-11-25,2022-11-14,0.011124963872134686,0.0,0.0,0.011124963872134686,-0.0037276141811162233,0.014852578053250909,0.014852578053250909
2022-11-28,2022-11-14,-0.0069413254968822,0.0,0.0,-0.0069413254968822,-0.0033179076854139566,-0.0036234178114682436,-0.0036234178114682436
2022-11-29,2022-11-14,0.021664505824446678,0.0,0.0,0.021664505824446678,0.023706817999482155,-0.0020423121750354767,-0.0020423121750354767
2022-11-30,2022-11-28,0.0007277769036591053,0.38,0.00019,0.0005377769036591052,0.00038291525561362505,0.00034486164804548025,0.0001548616480454802
2022-12-01,2022-11-28,-6.666660192422569e-05,0.0,0.0,-6.666660192422569e-05,0.005861314013600349,-0.005927980615524575,-0.005927980615524575
2022-12-02,2022-11-28,3.2369494874728844e-05,0.0,0.0,3.2369494874728844e-05,0.0017756929155439138,-0.001743323420669185,-0.001743323420669185
2022-12-05,2022-11-28,0.021059822291135788,0.0,0.0,0.021059822291135788,0.01329666469246149,0.007763157598674297,0.007763157598674297
2022-12-06,2022-11-28,-0.0014473318587988615,0.0,0.0,-0.0014473318587988615,-0.00329940696246922,0.0018520751036703587,0.0018520751036703587
2022-12-07,2022-11-28,-0.0030273706652224064,0.0,0.0,-0.0030273706652224064,0.0012455806136131287,-0.004272951278835535,-0.004272951278835535
2022-12-08,2022-11-28,-0.0020439529325813055,0.0,0.0,-0.0020439529325813055,-0.0047843544743955135,0.002740401541814208,0.002740401541814208
2022-12-09,2022-11-28,-0.0034809010103344917,0.0,0.0,-0.0034809010103344917,0.0011007506400346756,-0.004581651650369167,-0.004581651650369167
2022-12-12,2022-11-28,-0.012932246550917625,0.0,0.0,-0.012932246550917625,-0.005026399157941341,-0.007905847392976284,-0.007905847392976284
2022-12-13,2022-11-28,0.0058206673711538315,0.0,0.0,0.0058206673711538315,-0.0016358703142032027,0.007456537685357034,0.007456537685357034
2022-12-14,2022-12-12,-0.0033910400234162807,0.42000000000000004,0.00021000000000000004,-0.003601040023416281,-0.004380462691187859,0.0009894226677715778,0.0007794226677715777
2022-12-15,2022-12-12,-0.00373015645891428,0.0,0.0,-0.00373015645891428,0.0012368360767140985,-0.004966992535628378,-0.004966992535628378
2022-12-16,2022-12-12,0.0019395970739424229,0.0,0.0,0.0019395970739424229,-0.004394764080643654,0.006334361154586077,0.006334361154586077
2022-12-19,2022-12-12,-0.02366633340716362,0.0,0.0,-0.02366633340716362,-0.022096749395132065,-0.0015695840120315552,-0.0015695840120315552
2022-12-20,2022-12-12,-0.004430730361491442,0.0,0.0,-0.004430730361491442,-0.009117412380874157,0.004686682019382715,0.004686682019382715
2022-12-21,2022-12-12,-0.001930001424625516,0.0,0.0,-0.001930001424625516,-0.005106061231344938,0.0031760598067194223,0.0031760598067194223
2022-12-22,2022-12-12,-0.008431908674538136,0.0,0.0,-0.008431908674538136,-0.011524701490998268,0.0030927928164601326,0.0030927928164601326
2022-12-23,2022-12-12,-0.0020777354948222637,0.0,0.0,-0.0020777354948222637,-0.001414197962731123,-0.0006635375320911407,-0.0006635375320911407
2022-12-26,2022-12-12,0.005658882204443216,0.0,0.0,0.005658882204443216,0.01241446565836668,-0.006755583453923464,-0.006755583453923464
2022-12-27,2022-12-12,0.009719336405396461,0.0,0.0,0.009719336405396461,0.005408765748143196,0.004310570657253265,0.004310570657253265
2022-12-28,2022-12-26,-0.0029879105277359486,0.47,0.000235,-0.0032229105277359485,-0.009884939529001713,0.006897029001265764,0.006662029001265764
2022-12-29,2022-12-26,-0.004805433098226786,0.0,0.0,-0.004805433098226786,-0.002934086602181196,-0.0018713464960455894,-0.0018713464960455894
2022-12-30,2022-12-26,0.009028404019773006,0.0,0.0,0.009028404019773006,0.006479016039520502,0.0025493879802525043,0.0025493879802525043
2023-01-03,2022-12-26,0.00897268671542406,0.0,0.0,0.00897268671542406,0.020244283601641655,-0.011271596886217594,-0.011271596886217594
2023-01-04,2022-12-26,0.0005668163066729903,0.0,0.0,0.0005668163066729903,0.003559565870091319,-0.0029927495634183288,-0.0029927495634183288
2023-01-05,2022-12-26,0.003785389009863138,0.0,0.0,0.003785389009863138,0.006295333616435528,-0.0025099446065723896,-0.0025099446065723896
2023-01-06,2022-12-26,-0.002112505491822958,0.0,0.0,-0.002112505491822958,-0.003976937849074602,0.0018644323572516441,0.0018644323572516441
2023-01-09,2022-12-26,0.002762044779956341,0.0,0.0,0.002762044779956341,0.006316104903817177,-0.003554060123860836,-0.003554060123860836
2023-01-10,2022-12-26,-0.0033607035875320435,0.0,0.0,-0.0033607035875320435,-0.0012354013742879033,-0.00212530221324414,-0.00212530221324414
2023-01-11,2022-12-26,-0.0026055830530822277,0.0,0.0,-0.0026055830530822277,-0.005414899904280901,0.0028093168511986732,0.0028093168511986732
2023-01-12,2023-01-10,0.0011816989863291383,0.43999999999999995,0.00021999999999999998,0.0009616989863291384,-0.002172712003812194,0.003354410990141332,0.0031344109901413324
2023-01-13,2023-01-10,0.009608288295567036,0.0,0.0,0.009608288295567036,0.005971529521048069,0.0036367587745189667,0.0036367587745189667
2023-01-16,2023-01-10,0.013472680002450943,0.0,0.0,0.013472680002450943,0.00927803572267294,0.004194644279778004,0.004194644279778004
2023-01-17,2023-01-10,0.001538426848128438,0.0,0.0,0.001538426848128438,-0.0021854627411812544,0.0037238895893096924,0.0037238895893096924
2023-01-18,2023-01-10,0.0035500347148627043,0.0,0.0,0.0035500347148627043,0.0022359557915478945,0.0013140789233148098,0.0013140789233148098
2023-01-19,2023-01-10,0.008772842586040497,0.0,0.0,0.008772842586040497,0.005264857318252325,0.0035079852677881718,0.0035079852677881718
2023-01-20,2023-01-10,0.008055668324232101,0.0,0.0,0.008055668324232101,0.01016632467508316,-0.002110656350851059,-0.002110656350851059
2023-01-30,2023-01-10,0.002583019668236375,0.0,0.0,0.002583019668236375,0.01071754191070795,-0.008134522242471576,-0.008134522242471576
2023-01-31,2023-01-10,0.001299389055930078,0.0,0.0,0.001299389055930078,0.0033723937813192606,-0.0020730047253891826,-0.0020730047253891826
2023-02-01,2023-01-10,0.013728082180023193,0.0,0.0,0.013728082180023193,0.016337187960743904,-0.0026091057807207108,-0.0026091057807207108
2023-02-02,2023-01-31,-0.0021188813261687756,0.44999999999999996,0.000225,-0.0023438813261687755,0.000158703449415043,-0.0022775847755838186,-0.0025025847755838185
2023-02-03,2023-01-31,-0.005349503830075264,0.0,0.0,-0.005349503830075264,-0.0022218453232198954,-0.0031276585068553686,-0.0031276585068553686
2023-02-06,2023-01-31,-0.00327726430259645,0.0,0.0,-0.00327726430259645,-0.004797557834535837,0.0015202935319393873,0.0015202935319393873
2023-02-07,2023-01-31,0.005615457892417908,0.0,0.0,0.005615457892417908,0.006088402587920427,-0.0004729446955025196,-0.0004729446955025196
2023-02-08,2023-01-31,-0.0038458192721009254,0.0,0.0,-0.0038458192721009254,-0.00711339246481657,0.003267573192715645,0.003267573192715645
2023-02-09,2023-01-31,0.00970429927110672,0.0,0.0,0.00970429927110672,0.012859226204454899,-0.003154926933348179,-0.003154926933348179
2023-02-10,2023-01-31,0.00174404913559556,0.0,0.0,0.00174404913559556,-0.0016442782944068313,0.0033883274300023913,0.0033883274300023913
2023-02-13,2023-01-31,0.003629352431744337,0.0,0.0,0.003629352431744337,0.010276896879076958,-0.006647544447332621,-0.006647544447332621
2023-02-14,2023-01-31,0.0017272698460146785,0.0,0.0,0.0017272698460146785,0.00015353344497270882,0.0015737364010419697,0.0015737364010419697
2023-02-15,2023-01-31,-0.0019138443749397993,0.0,0.0,-0.0019138443749397993,0.0014179893769323826,-0.003331833751872182,-0.003331833751872182
2023-02-16,2023-02-14,-0.012250346131622791,0.45999999999999996,0.00022999999999999998,-0.01248034613162279,-0.01952771656215191,0.007277370430529118,0.007047370430529118
2023-02-17,2023-02-14,0.002698959782719612,0.0,0.0,0.002698959782719612,-0.008197053335607052,0.010896013118326664,0.010896013118326664
2023-02-20,2023-02-14,0.014229956082999706,0.0,0.0,0.014229956082999706,0.016835790127515793,-0.0026058340445160866,-0.0026058340445160866
2023-02-21,2023-02-14,0.009972038678824902,0.0,0.0,0.009972038678824902,0.005644220393151045,0.004327818285673857,0.004327818285673857
2023-02-22,2023-02-14,-0.0010808610823005438,0.0,0.0,-0.0010808610823005438,-0.0005822840612381697,-0.0004985770210623741,-0.0004985770210623741
2023-02-23,2023-02-14,-0.0006905836053192616,0.0,0.0,-0.0006905836053192616,-0.005131327547132969,0.004440743941813707,0.004440743941813707
2023-02-24,2023-02-14,-0.003586379811167717,0.0,0.0,-0.003586379811167717,-0.0032226659823209047,-0.00036371382884681225,-0.00036371382884681225
2023-02-27,2023-02-14,-0.001802437356673181,0.0,0.0,-0.001802437356673181,-0.007335797417908907,0.005533360061235726,0.005533360061235726
2023-02-28,2023-02-14,0.007339754607528448,0.0,0.0,0.007339754607528448,0.010100768879055977,-0.0027610142715275288,-0.0027610142715275288
2023-03-01,2023-02-14,0.005772619973868132,0.0,0.0,0.005772619973868132,0.010760856792330742,-0.00498823681846261,-0.00498823681846261
2023-03-02,2023-02-28,0.003029642626643181,0.5,0.00025,0.0027796426266431806,-0.002934158081188798,0.005963800707831979,0.005713800707831979
2023-03-03,2023-02-28,0.007175275590270758,0.0,0.0,0.007175275590270758,0.000493575120344758,0.006681700469926,0.006681700469926
2023-03-06,2023-02-28,-0.001407926669344306,0.0,0.0,-0.001407926669344306,-0.0003822016005869955,-0.0010257250687573105,-0.0010257250687573105
2023-03-07,2023-02-28,-0.008559959940612316,0.0,0.0,-0.008559959940612316,-0.019737815484404564,0.011177855543792248,0.011177855543792248
2023-03-08,2023-02-28,-0.0009501302265562117,0.0,0.0,-0.0009501302265562117,0.006228918209671974,-0.007179048436228186,-0.007179048436228186
2023-03-09,2023-02-28,-0.0018139439634978771,0.0,0.0,-0.0018139439634978771,-0.002783415839076042,0.0009694718755781651,0.0009694718755781651
2023-03-10,2023-02-28,-0.015449716709554195,0.0,0.0,-0.015449716709554195,-0.014631477184593678,-0.0008182395249605179,-0.0008182395249605179
2023-03-13,2023-02-28,0.0055500054731965065,0.0,0.0,0.0055500054731965065,0.008088462054729462,-0.002538456581532955,-0.002538456581532955
2023-03-14,2023-02-28,-0.00664446409791708,0.0,0.0,-0.00664446409791708,-0.010575654916465282,0.0039311908185482025,0.0039311908185482025
2023-03-15,2023-02-28,0.011886534281075,0.0,0.0,0.011886534281075,0.006243936251848936,0.005642598029226065,0.005642598029226065
2023-03-16,2023-03-14,-0.009356445632874966,0.43000000000000005,0.00021500000000000002,-0.009571445632874966,-0.015244264155626297,0.005887818522751331,0.005672818522751331
2023-03-17,2023-03-14,0.004096450749784708,0.0,0.0,0.004096450749784708,0.010903657414019108,-0.0068072066642344,-0.0068072066642344
2023-03-20,2023-03-14,-0.007570159621536732,0.0,0.0,-0.007570159621536732,-0.0035184070002287626,-0.004051752621307969,-0.004051752621307969
2023-03-21,2023-03-14,0.007125366944819689,0.0,0.0,0.007125366944819689,0.013956638053059578,-0.006831271108239889,-0.006831271108239889
2023-03-22,2023-03-14,0.003315666224807501,0.0,0.0,0.003315666224807501,0.005822858307510614,-0.0025071920827031136,-0.0025071920827031136
2023-03-23,2023-03-14,0.0026697171851992607,0.0,0.0,0.0026697171851992607,0.0046501425094902515,-0.001980425324290991,-0.001980425324290991
2023-03-24,2023-03-14,-0.0026032859459519386,0.0,0.0,-0.0026032859459519386,0.0006387892062775791,-0.0032420751522295177,-0.0032420751522295177
2023-03-27,2023-03-14,-0.0051420908421278,0.0,0.0,-0.0051420908421278,0.0007785405032336712,-0.005920631345361471,-0.005920631345361471
2023-03-28,2023-03-14,-0.0031946981325745583,0.0,0.0,-0.0031946981325745583,-0.007012730930000544,0.0038180327974259853,0.0038180327974259853
2023-03-29,2023-03-14,-0.0055308532901108265,0.0,0.0,-0.0055308532901108265,-0.003715396160259843,-0.0018154571298509836,-0.0018154571298509836
2023-03-30,2023-03-28,0.002567600691691041,0.47,0.000235,0.002332600691691041,-0.0023595113307237625,0.0049271120224148035,0.0046921120224148035
2023-03-31,2023-03-28,0.003050129394978285,0.0,0.0,0.003050129394978285,0.012236397713422775,-0.00918626831844449,-0.00918626831844449
2023-04-03,2023-03-28,0.0082444092258811,0.0,0.0,0.0082444092258811,0.013661843724548817,-0.005417434498667717,-0.005417434498667717
2023-04-04,2023-03-28,-0.0013077360345050693,0.0,0.0,-0.0013077360345050693,-0.0017394511960446835,0.0004317151615396142,0.0004317151615396142
2023-04-06,2023-03-28,-0.004429768305271864,0.0,0.0,-0.004429768305271864,-0.0011492811609059572,-0.0032804871443659067,-0.0032804871443659067
2023-04-07,2023-03-28,0.004597042221575975,0.0,0.0,0.004597042221575975,0.00839089322835207,-0.0037938510067760944,-0.0037938510067760944
2023-04-10,2023-03-28,-0.0018224645173177123,0.0,0.0,-0.0018224645173177123,-0.012086525559425354,0.010264061042107642,0.010264061042107642
2023-04-11,2023-03-28,0.0010333382524549961,0.0,0.0,0.0010333382524549961,0.005272259470075369,-0.004238921217620373,-0.004238921217620373
2023-04-12,2023-03-28,0.0012826931197196245,0.0,0.0,0.0012826931197196245,0.008241308853030205,-0.00695861573331058,-0.00695861573331058
2023-04-13,2023-03-28,-0.00042622865294106305,0.0,0.0,-0.00042622865294106305,-0.0068996986374258995,0.0064734699844848365,0.0064734699844848365
2023-04-14,2023-04-12,0.0016816025599837303,0.41000000000000003,0.00020500000000000002,0.0014766025599837302,0.003366197692230344,-0.0016845951322466135,-0.0018895951322466136
2023-04-17,2023-04-12,0.01277551893144846,0.0,0.0,0.01277551893144846,0.00045175995910540223,0.012323758972343057,0.012323758972343057
2023-04-18,2023-04-12,0.0008567363256588578,0.0,0.0,0.0008567363256588578,-0.002816990250721574,0.0036737265763804317,0.0036737265763804317
2023-04-19,2023-04-12,-0.0056200651451945305,0.0,0.0,-0.0056200651451945305,-0.003181012813001871,-0.0024390523321926594,-0.0024390523321926594
2023-04-20,2023-04-12,-0.006618967279791832,0.0,0.0,-0.006618967279791832,-0.000953185313846916,-0.005665781965944916,-0.005665781965944916
2023-04-21,2023-04-12,-0.016500581055879593,0.0,0.0,-0.016500581055879593,-0.028955718502402306,0.012455137446522713,0.012455137446522713
2023-04-24,2023-04-12,-0.009898110292851925,0.0,0.0,-0.009898110292851925,-0.00530230812728405,-0.004595802165567875,-0.004595802165567875
2023-04-25,2023-04-12,-0.005356629379093647,0.0,0.0,-0.005356629379093647,-0.016886146739125252,0.011529517360031605,0.011529517360031605
2023-04-26,2023-04-12,0.003003641963005066,0.0,0.0,0.003003641963005066,0.001790946233086288,0.001212695729918778,0.001212695729918778
2023-04-27,2023-04-12,0.0035873616579920053,0.0,0.0,0.0035873616579920053,-0.0014474708586931229,0.005034832516685128,0.005034832516685128
2023-04-28,2023-04-26,0.012060828506946564,0.36,0.00017999999999999998,0.011880828506946564,0.021368324756622314,-0.00930749624967575,-0.00948749624967575
2023-05-04,2023-04-26,0.012786566279828548,0.0,0.0,0.012786566279828548,0.007227450143545866,0.005559116136282682,0.005559116136282682
2023-05-05,2023-04-26,-0.000102446079836227,0.0,0.0,-0.000102446079836227,-0.007119230926036835,0.007016784846200608,0.007016784846200608
2023-05-08,2023-04-26,0.016642840579152107,0.0,0.0,0.016642840579152107,0.01043801661580801,0.006204823963344097,0.006204823963344097
2023-05-09,2023-04-26,-0.0017007124843075871,0.0,0.0,-0.0017007124843075871,-0.013821789994835854,0.012121077510528266,0.012121077510528266
2023-05-10,2023-04-26,-0.008741762489080429,0.0,0.0,-0.008741762489080429,0.0007229856564663351,-0.009464748145546764,-0.009464748145546764
2023-05-11,2023-04-26,0.0005119770648889244,0.0,0.0,0.0005119770648889244,0.0019790513906627893,-0.001467074325773865,-0.001467074325773865
2023-05-12,2023-04-26,-0.007289192173629999,0.0,0.0,-0.007289192173629999,-0.013341611251235008,0.006052419077605009,0.006052419077605009
2023-05-15,2023-04-26,0.0066629140637815,0.0,0.0,0.0066629140637815,0.008528375998139381,-0.0018654619343578815,-0.0018654619343578815
2023-05-16,2023-04-26,-0.0067433458752930164,0.0,0.0,-0.0067433458752930164,-0.012158810161054134,0.005415464285761118,0.005415464285761118
2023-05-17,2023-05-15,0.00048361122026108205,0.52,0.00026000000000000003,0.00022361122026108202,0.005225528031587601,-0.004741916811326519,-0.0050019168113265185
2023-05-18,2023-05-15,-0.006193759851157665,0.0,0.0,-0.006193759851157665,0.003811571979895234,-0.0100053318310529,-0.0100053318310529
2023-05-19,2023-05-15,-0.005350734572857618,0.0,0.0,-0.005350734572857618,-0.0025469076354056597,-0.0028038269374519587,-0.0028038269374519587
2023-05-22,2023-05-15,0.005816431250423193,0.0,0.0,0.005816431250423193,-0.00030972028616815805,0.006126151536591351,0.006126151536591351
2023-05-23,2023-05-15,-0.007930374704301357,0.0,0.0,-0.007930374704301357,-0.01316832099109888,0.0052379462867975235,0.0052379462867975235
2023-05-24,2023-05-15,-0.0105777932330966,0.0,0.0,-0.0105777932330966,-0.00590620469301939,-0.0046715885400772095,-0.0046715885400772095
2023-05-25,2023-05-15,-0.0037746482994407415,0.0,0.0,-0.0037746482994407415,-0.0036870294716209173,-8.761882781982422e-05,-8.761882781982422e-05
2023-05-26,2023-05-15,0.0029242844320833683,0.0,0.0,0.0029242844320833683,0.008184961043298244,-0.005260676611214876,-0.005260676611214876
2023-05-29,2023-05-15,-0.001096550258807838,0.0,0.0,-0.001096550258807838,-0.0007831281400285661,-0.00031342211877927184,-0.00031342211877927184
2023-05-30,2023-05-15,-9.215414320351556e-05,0.0,0.0,-9.215414320351556e-05,0.006716744042932987,-0.006808898186136503,-0.006808898186136503
2023-05-31,2023-05-29,-0.004851284436881542,0.45999999999999996,0.00022999999999999998,-0.005081284436881542,-0.00044473769958131015,-0.004406546737300232,-0.004636546737300232
2023-06-01,2023-05-29,-0.0009774588979780674,0.0,0.0,-0.0009774588979780674,0.0044027697294950485,-0.005380228627473116,-0.005380228627473116
2023-06-02,2023-05-29,0.012514816597104073,0.0,0.0,0.012514816597104073,0.00871639046818018,0.003798426128923893,0.003798426128923893
2023-06-05,2023-05-29,-0.0033765239641070366,0.0,0.0,-0.0033765239641070366,0.0025677173398435116,-0.005944241303950548,-0.005944241303950548
2023-06-06,2023-05-29,-0.01467939093708992,0.0,0.0,-0.01467939093708992,-0.019251888617873192,0.004572497680783272,0.004572497680783272
2023-06-07,2023-05-29,-0.0022428000811487436,0.0,0.0,-0.0022428000811487436,0.003663094248622656,-0.0059058943297713995,-0.0059058943297713995
2023-06-08,2023-05-29,0.004569449927657843,0.0,0.0,0.004569449927657843,-0.0023629884235560894,0.006932438351213932,0.006932438351213932
2023-06-09,2023-05-29,0.0003219145582988858,0.0,0.0,0.0003219145582988858,0.007654980290681124,-0.007333065732382238,-0.007333065732382238
2023-06-12,2023-05-29,0.0033692645374685526,0.0,0.0,0.0033692645374685526,0.00456639751791954,-0.0011971329804509878,-0.0011971329804509878
2023-06-13,2023-05-29,0.0005320149939507246,0.0,0.0,0.0005320149939507246,0.004624114837497473,-0.004092099843546748,-0.004092099843546748
2023-06-14,2023-06-12,-0.0013657426461577415,0.5700000000000001,0.00028500000000000004,-0.0016507426461577416,0.002092313952744007,-0.0034580565989017487,-0.0037430565989017488
2023-06-15,2023-06-12,0.00894859153777361,0.0,0.0,0.00894859153777361,0.005427802912890911,0.003520788624882698,0.003520788624882698
2023-06-16,2023-06-12,0.002604146022349596,0.0,0.0,0.002604146022349596,0.008397027850151062,-0.005792881827801466,-0.005792881827801466
2023-06-19,2023-06-12,-0.007175170350819826,0.0,0.0,-0.007175170350819826,-0.0003450586227700114,-0.006830111728049815,-0.006830111728049815
2023-06-20,2023-06-12,-0.0054478817619383335,0.0,0.0,-0.0054478817619383335,-0.0030551268719136715,-0.002392754890024662,-0.002392754890024662
2023-06-21,2023-06-12,-0.008840295486152172,0.0,0.0,-0.008840295486152172,-0.017809469252824783,0.008969173766672611,0.008969173766672611
2023-06-26,2023-06-12,-0.009934920817613602,0.0,0.0,-0.009934920817613602,-0.020404553040862083,0.010469632223248482,0.010469632223248482
2023-06-27,2023-06-12,0.01094223652034998,0.0,0.0,0.01094223652034998,0.018020136281847954,-0.007077899761497974,-0.007077899761497974
2023-06-28,2023-06-12,0.002759229624643922,0.0,0.0,0.002759229624643922,-0.003597266273573041,0.006356495898216963,0.006356495898216963
2023-06-29,2023-06-12,0.0004542750248219818,0.0,0.0,0.0004542750248219818,0.005071205087006092,-0.00461693006218411,-0.00461693006218411
2023-06-30,2023-06-28,0.009923852980136871,0.38,0.00019,0.009733852980136872,0.010456284508109093,-0.0005324315279722214,-0.0007224315279722206
2023-07-03,2023-06-28,0.010579214431345463,0.0,0.0,0.010579214431345463,0.005048362538218498,0.005530851893126965,0.005530851893126965
2023-07-04,2023-06-28,0.0011294424766674638,0.0,0.0,0.0011294424766674638,0.003237429540604353,-0.002107987063936889,-0.002107987063936889
2023-07-05,2023-06-28,0.002403368940576911,0.0,0.0,0.002403368940576911,-0.007690224796533585,0.010093593737110496,0.010093593737110496
2023-07-06,2023-06-28,-0.005511404946446419,0.0,0.0,-0.005511404946446419,-0.0025649606250226498,-0.002946444321423769,-0.002946444321423769
2023-07-07,2023-06-28,0.0048647914081811905,0.0,0.0,0.0048647914081811905,-0.005709914956241846,0.010574706364423037,0.010574706364423037
2023-07-10,2023-06-28,0.0009494072292000055,0.0,0.0,0.0009494072292000055,0.002149486681446433,-0.0012000794522464275,-0.0012000794522464275
2023-07-11,2023-06-28,0.003183268243446946,0.0,0.0,0.003183268243446946,0.005979393608868122,-0.002796125365421176,-0.002796125365421176
2023-07-12,2023-06-28,-0.006459997966885567,0.0,0.0,-0.006459997966885567,-0.013424304313957691,0.0069643063470721245,0.0069643063470721245
2023-07-13,2023-06-28,0.010494773276150227,0.0,0.0,0.010494773276150227,0.011951646767556667,-0.0014568734914064407,-0.0014568734914064407
2023-07-14,2023-07-12,-0.001857512048445642,0.45999999999999996,0.00022999999999999998,-0.002087512048445642,0.0009287443244829774,-0.0027862563729286194,-0.0030162563729286196
2023-07-17,2023-07-12,-0.0016570920124650002,0.0,0.0,-0.0016570920124650002,-0.0025418936274945736,0.0008848016150295734,0.0008848016150295734
2023-07-18,2023-07-12,0.0009829961927607656,0.0,0.0,0.0009829961927607656,-0.0014621132286265492,0.002445109421387315,0.002445109421387315
2023-07-19,2023-07-12,0.003371297148987651,0.0,0.0,0.003371297148987651,-0.00032410287531092763,0.0036954000242985785,0.0036954000242985785
2023-07-20,2023-07-12,-0.003904788987711072,0.0,0.0,-0.003904788987711072,-0.011077677831053734,0.007172888843342662,0.007172888843342662
2023-07-21,2023-07-12,0.0031349777709692717,0.0,0.0,0.0031349777709692717,-0.00265307305380702,0.005788050824776292,0.005788050824776292
2023-07-24,2023-07-12,-0.0016610973980277777,0.0,0.0,-0.0016610973980277777,-0.0018347757868468761,0.00017367838881909847,0.00017367838881909847
2023-07-25,2023-07-12,0.018378550186753273,0.0,0.0,0.018378550186753273,0.018724268302321434,-0.000345718115568161,-0.000345718115568161
2023-07-26,2023-07-12,0.0032656723633408546,0.0,0.0,0.0032656723633408546,-0.007619127631187439,0.010884799994528294,0.010884799994528294
2023-07-27,2023-07-12,-0.0006773620843887329,0.0,0.0,-0.0006773620843887329,-0.005935837980359793,0.00525847589597106,0.00525847589597106
2023-07-28,2023-07-26,0.017447736114263535,0.48,0.00024,0.017207736114263534,0.010982124134898186,0.006465611979365349,0.006225611979365348
2023-07-31,2023-07-26,0.008109930902719498,0.0,0.0,0.008109930902719498,0.011917253024876118,-0.00380732212215662,-0.00380732212215662
2023-08-01,2023-07-26,0.002260932931676507,0.0,0.0,0.002260932931676507,-0.0021930867806077003,0.004454019712284207,0.004454019712284207
2023-08-02,2023-07-26,-0.004853431601077318,0.0,0.0,-0.004853431601077318,-0.002658288227394223,-0.002195143373683095,-0.002195143373683095
2023-08-03,2023-07-26,0.005786024499684572,0.0,0.0,0.005786024499684572,0.0017966094892472029,0.003989415010437369,0.003989415010437369
2023-08-04,2023-07-26,-0.0009334742790088058,0.0,0.0,-0.0009334742790088058,0.004788660444319248,-0.005722134723328054,-0.005722134723328054
2023-08-07,2023-07-26,-0.00967673771083355,0.0,0.0,-0.00967673771083355,-0.004957818891853094,-0.004718918818980455,-0.004718918818980455
2023-08-08,2023-07-26,-0.0021175111178308725,0.0,0.0,-0.0021175111178308725,-0.003040826180949807,0.0009233150631189346,0.0009233150631189346
2023-08-09,2023-07-26,-0.002337801968678832,0.0,0.0,-0.002337801968678832,-0.009292859584093094,0.006955057615414262,0.006955057615414262
2023-08-10,2023-07-26,0.002707850420847535,0.0,0.0,0.002707850420847535,0.0011079078540205956,0.0015999425668269396,0.0015999425668269396
2023-08-11,2023-08-09,-0.015103914774954319,0.5900000000000001,0.00029500000000000007,-0.015398914774954319,-0.018388794735074043,0.0032848799601197243,0.002989879960119724
2023-08-14,2023-08-09,-0.0011672652326524258,0.0,0.0,-0.0011672652326524258,0.0038578223902732134,-0.005025087622925639,-0.005025087622925639
2023-08-15,2023-08-09,-0.0021732484456151724,0.0,0.0,-0.0021732484456151724,-0.0072238994762301445,0.005050651030614972,0.005050651030614972
2023-08-16,2023-08-09,-0.006325783673673868,0.0,0.0,-0.006325783673673868,-0.008915076032280922,0.0025892923586070538,0.0025892923586070538
2023-08-17,2023-08-09,0.004013964906334877,0.0,0.0,0.004013964906334877,0.009194382466375828,-0.005180417560040951,-0.005180417560040951
2023-08-18,2023-08-09,-0.009486507624387741,0.0,0.0,-0.009486507624387741,-0.02066979371011257,0.01118328608572483,0.01118328608572483
2023-08-21,2023-08-09,-0.011448416858911514,0.0,0.0,-0.011448416858911514,-0.008269976824522018,-0.003178440034389496,-0.003178440034389496
2023-08-22,2023-08-09,0.0009347980958409607,0.0,0.0,0.0009347980958409607,0.00949475821107626,-0.008559960115235299,-0.008559960115235299
2023-08-23,2023-08-09,-0.0116964653134346,0.0,0.0,-0.0116964653134346,-0.01823446899652481,0.00653800368309021,0.00653800368309021
2023-08-24,2023-08-09,-0.0026622479781508446,0.0,0.0,-0.0026622479781508446,0.0019749754574149847,-0.004637223435565829,-0.004637223435565829
2023-08-25,2023-08-23,-0.00025353371165692806,0.51,0.000255,-0.0005085337116569281,-0.01470209937542677,0.014448565663769841,0.014193565663769841
2023-08-28,2023-08-23,0.01219458319246769,0.0,0.0,0.01219458319246769,0.012631289660930634,-0.00043670646846294403,-0.00043670646846294403
2023-08-29,2023-08-23,0.007652292028069496,0.0,0.0,0.007652292028069496,0.02535940892994404,-0.017707116901874542,-0.017707116901874542
2023-08-30,2023-08-23,-0.005738222971558571,0.0,0.0,-0.005738222971558571,0.0009007375920191407,-0.006638960563577712,-0.006638960563577712
2023-08-31,2023-08-23,-0.006284115370362997,0.0,0.0,-0.006284115370362997,-0.008558111265301704,0.0022739958949387074,0.0022739958949387074
2023-09-01,2023-08-23,0.007379424758255482,0.0,0.0,0.007379424758255482,0.0018285970436409116,0.00555082771461457,0.00555082771461457
2023-09-04,2023-08-23,0.015163806267082691,0.0,0.0,0.015163806267082691,0.01727450080215931,-0.002110694535076618,-0.002110694535076618
2023-09-05,2023-08-23,-0.004028787836432457,0.0,0.0,-0.004028787836432457,-0.007679996080696583,0.003651208244264126,0.003651208244264126
2023-09-06,2023-08-23,-0.001363667892292142,0.0,0.0,-0.001363667892292142,0.0016111681470647454,-0.0029748360393568873,-0.0029748360393568873
2023-09-07,2023-08-23,-0.01134240347892046,0.0,0.0,-0.01134240347892046,-0.01480821892619133,0.00346581544727087,0.00346581544727087
2023-09-08,2023-09-06,-0.00399220222607255,0.49,0.000245,-0.00423720222607255,0.000798601598944515,-0.004790803825017065,-0.005035803825017065
2023-09-11,2023-09-06,0.011426790617406368,0.0,0.0,0.011426790617406368,0.009975500404834747,0.001451290212571621,0.001451290212571621
2023-09-12,2023-09-06,0.005291950888931751,0.0,0.0,0.005291950888931751,-0.0007859875331632793,0.0060779384220950305,0.0060779384220950305
2023-09-13,2023-09-06,-0.00487137958407402,0.0,0.0,-0.00487137958407402,-0.010925473645329475,0.006054094061255455,0.006054094061255455
2023-09-14,2023-09-06,0.0036631810944527388,0.0,0.0,0.0036631810944527388,-0.003598686307668686,0.007261867402121425,0.007261867402121425
2023-09-15,2023-09-06,-0.0008564573363400996,0.0,0.0,-0.0008564573363400996,-0.0016336222179234028,0.0007771648815833032,0.0007771648815833032
2023-09-18,2023-09-06,0.0023080450482666492,0.0,0.0,0.0023080450482666492,0.003453945042565465,-0.0011458999942988157,-0.0011458999942988157
2023-09-19,2023-09-06,0.0011637145653367043,0.0,0.0,0.0011637145653367043,-0.008608519099652767,0.009772233664989471,0.009772233664989471
2023-09-20,2023-09-06,-0.0029493849724531174,0.0,0.0,-0.0029493849724531174,-0.0070176683366298676,0.00406828336417675,0.00406828336417675
2023-09-21,2023-09-06,-0.0080482829362154,0.0,0.0,-0.0080482829362154,-0.005805488675832748,-0.0022427942603826523,-0.0022427942603826523
2023-09-22,2023-09-20,0.010244485922157764,0.37,0.000185,0.010059485922157765,0.01591668836772442,-0.005672202445566654,-0.005857202445566654
2023-09-25,2023-09-20,-0.0036802119575440884,0.0,0.0,-0.0036802119575440884,-0.006024390924721956,0.002344178967177868,0.002344178967177868
2023-09-26,2023-09-20,-0.005384495947510004,0.0,0.0,-0.005384495947510004,-0.0045502749271690845,-0.0008342210203409195,-0.0008342210203409195
2023-09-27,2023-09-20,0.0007388359517790377,0.0,0.0,0.0007388359517790377,0.002343507716432214,-0.001604671764653176,-0.001604671764653176
2023-09-28,2023-09-20,0.0005799716454930604,0.0,0.0,0.0005799716454930604,0.00879353005439043,-0.00821355840889737,-0.00821355840889737
2023-10-09,2023-09-20,-0.004929122980684042,0.0,0.0,-0.004929122980684042,-0.0023245480842888355,-0.0026045748963952065,-0.0026045748963952065
2023-10-10,2023-09-20,-0.005129606928676367,0.0,0.0,-0.005129606928676367,-0.0013615088537335396,-0.0037680980749428272,-0.0037680980749428272
2023-10-11,2023-09-20,-0.0024046171456575394,0.0,0.0,-0.0024046171456575394,0.0005518218385986984,-0.0029564389842562377,-0.0029564389842562377
2023-10-12,2023-09-20,0.012337440624833107,0.0,0.0,0.012337440624833107,0.008399930782616138,0.0039375098422169685,0.0039375098422169685
2023-10-13,2023-09-20,-0.005673659034073353,0.0,0.0,-0.005673659034073353,-0.0053590768948197365,-0.00031458213925361633,-0.00031458213925361633
2023-10-16,2023-10-12,-0.0030916077084839344,0.48,0.00024,-0.0033316077084839346,-0.006763665936887264,0.00367205822840333,0.0034320582284033297
2023-10-17,2023-10-12,0.0012155920267105103,0.0,0.0,0.0012155920267105103,-0.002054688986390829,0.0032702810131013393,0.0032702810131013393
2023-10-18,2023-10-12,-0.01170588843524456,0.0,0.0,-0.01170588843524456,-0.015455991961061954,0.0037501035258173943,0.0037501035258173943
2023-10-19,2023-10-12,-0.016403701156377792,0.0,0.0,-0.016403701156377792,-0.01376174483448267,-0.0026419563218951225,-0.0026419563218951225
2023-10-20,2023-10-12,-0.00318167801015079,0.0,0.0,-0.00318167801015079,-0.009700595401227474,0.006518917391076684,0.006518917391076684
2023-10-23,2023-10-12,-0.019791357219219208,0.0,0.0,-0.019791357219219208,-0.021101171150803566,0.0013098139315843582,0.0013098139315843582
2023-10-24,2023-10-12,0.01174498163163662,0.0,0.0,0.01174498163163662,0.01566746085882187,-0.003922479227185249,-0.003922479227185249
2023-10-25,2023-10-12,0.009582100436091423,0.0,0.0,0.009582100436091423,0.012834967114031315,-0.003252866677939892,-0.003252866677939892
2023-10-26,2023-10-12,0.003253866918385029,0.0,0.0,0.003253866918385029,0.005320336669683456,-0.0020664697512984276,-0.0020664697512984276
2023-10-27,2023-10-12,0.01047582644969225,0.0,0.0,0.01047582644969225,0.01220879890024662,-0.0017329724505543709,-0.0017329724505543709
2023-10-30,2023-10-26,-0.00042415500502102077,0.41000000000000003,0.00020500000000000002,-0.0006291550050210208,0.010660069063305855,-0.011084224068326876,-0.011289224068326876
2023-10-31,2023-10-26,-0.0013030421687290072,0.0,0.0,-0.0013030421687290072,-0.0030475601088255644,0.0017445179400965571,0.0017445179400965571
2023-11-01,2023-10-26,6.129682151367888e-05,0.0,0.0,6.129682151367888e-05,-0.001024714671075344,0.001086011492589023,0.001086011492589023
2023-11-02,2023-10-26,-0.002979894168674946,0.0,0.0,-0.002979894168674946,-0.00824793428182602,0.0052680401131510735,0.0052680401131510735
2023-11-03,2023-10-26,0.001832901849411428,0.0,0.0,0.001832901849411428,0.011044606566429138,-0.00921170471701771,-0.00921170471701771
2023-11-06,2023-10-26,0.007852725684642792,0.0,0.0,0.007852725684642792,0.019659949466586113,-0.011807223781943321,-0.011807223781943321
2023-11-07,2023-10-26,-0.0017947453306987882,0.0,0.0,-0.0017947453306987882,0.004034269135445356,-0.0058290144661441445,-0.0058290144661441445
2023-11-08,2023-10-26,-0.004425966180860996,0.0,0.0,-0.004425966180860996,0.001942664966918528,-0.006368631147779524,-0.006368631147779524
2023-11-09,2023-10-26,0.0003667009004857391,0.0,0.0,0.0003667009004857391,-0.0062087285332381725,0.006575429433723912,0.006575429433723912
2023-11-10,2023-10-26,-0.0008208167273551226,0.0,0.0,-0.0008208167273551226,-0.003394376952201128,0.0025735602248460054,0.0025735602248460054
2023-11-13,2023-11-09,0.0031679249368608,0.45999999999999996,0.00022999999999999998,0.0029379249368607996,0.009476828388869762,-0.006308903452008963,-0.006538903452008963
2023-11-14,2023-11-09,0.0021152282133698463,0.0,0.0,0.0021152282133698463,0.0067282491363584995,-0.004613020922988653,-0.004613020922988653
2023-11-15,2023-11-09,0.0046978360041975975,0.0,0.0,0.0046978360041975975,0.005449589807540178,-0.0007517538033425808,-0.0007517538033425808
2023-11-16,2023-11-09,-0.005927881225943565,0.0,0.0,-0.005927881225943565,-0.007440492045134306,0.0015126108191907406,0.0015126108191907406
2023-11-17,2023-11-09,-0.0012969720410183072,0.0,0.0,-0.0012969720410183072,0.005430172197520733,-0.00672714423853904,-0.00672714423853904
2023-11-20,2023-11-09,0.003376069711521268,0.0,0.0,0.003376069711521268,0.009081199765205383,-0.005705130053684115,-0.005705130053684115
2023-11-21,2023-11-09,0.001825879793614149,0.0,0.0,0.001825879793614149,-0.0032221651636064053,0.005048044957220554,0.005048044957220554
2023-11-22,2023-11-09,-0.006046231836080551,0.0,0.0,-0.006046231836080551,-0.009981739334762096,0.003935507498681545,0.003935507498681545
2023-11-23,2023-11-09,0.0042256820015609264,0.0,0.0,0.0042256820015609264,0.008225261233747005,-0.003999579232186079,-0.003999579232186079
2023-11-24,2023-11-09,-0.00193828996270895,0.0,0.0,-0.00193828996270895,-0.01113327406346798,0.00919498410075903,0.00919498410075903
2023-11-27,2023-11-23,-0.004865231923758984,0.37,0.000185,-0.005050231923758984,-0.002464267425239086,-0.0024009644985198975,-0.0025859644985198977
2023-11-28,2023-11-23,0.0006148475222289562,0.0,0.0,0.0006148475222289562,0.003681859001517296,-0.0030670114792883396,-0.0030670114792883396
2023-11-29,2023-11-23,-0.007959060370922089,0.0,0.0,-0.007959060370922089,-0.007542841602116823,-0.0004162187688052654,-0.0004162187688052654
2023-11-30,2023-11-23,0.001979989930987358,0.0,0.0,0.001979989930987358,-0.003802199847996235,0.005782189778983593,0.005782189778983593
2023-12-01,2023-11-23,0.0014226144412532449,0.0,0.0,0.0014226144412532449,0.00938462559133768,-0.007962011150084436,-0.007962011150084436
2023-12-04,2023-11-23,0.0016325926408171654,0.0,0.0,0.0016325926408171654,0.0009146833908744156,0.0007179092499427497,0.0007179092499427497
2023-12-05,2023-11-23,-0.014355633407831192,0.0,0.0,-0.014355633407831192,-0.020760389044880867,0.006404755637049675,0.006404755637049675
2023-12-06,2023-11-23,-0.0005292844725772738,0.0,0.0,-0.0005292844725772738,0.005016222130507231,-0.005545506603084505,-0.005545506603084505
2023-12-07,2023-11-23,-0.0002944213047157973,0.0,0.0,-0.0002944213047157973,-0.0008654443081468344,0.0005710230034310371,0.0005710230034310371
2023-12-08,2023-11-23,-0.0016865181969478726,0.0,0.0,-0.0016865181969478726,-0.006436606403440237,0.004750088206492364,0.004750088206492364
2023-12-11,2023-12-07,0.005634708795696497,0.43999999999999995,0.00021999999999999998,0.005414708795696497,0.011482618749141693,-0.005847909953445196,-0.006067909953445196
2023-12-12,2023-12-07,0.004629397299140692,0.0,0.0,0.004629397299140692,0.006367416121065617,-0.0017380188219249249,-0.0017380188219249249
2023-12-13,2023-12-07,-0.010975770652294159,0.0,0.0,-0.010975770652294159,-0.010653677396476269,-0.00032209325581789017,-0.00032209325581789017
2023-12-14,2023-12-07,-0.002867882139980793,0.0,0.0,-0.002867882139980793,-0.0042236014269292355,0.0013557192869484425,0.0013557192869484425
2023-12-15,2023-12-07,-0.00463216844946146,0.0,0.0,-0.00463216844946146,-0.0045213401317596436,-0.00011082831770181656,-0.00011082831770181656
2023-12-18,2023-12-07,-0.006993150804191828,0.0,0.0,-0.006993150804191828,-0.013123635202646255,0.006130484398454428,0.006130484398454428
2023-12-19,2023-12-07,-0.001167867798358202,0.0,0.0,-0.001167867798358202,-0.0006451529916375875,-0.0005227148067206144,-0.0005227148067206144
2023-12-20,2023-12-07,-0.00866824109107256,0.0,0.0,-0.00866824109107256,-0.015705248340964317,0.007037007249891758,0.007037007249891758
2023-12-21,2023-12-07,0.005105950403958559,0.0,0.0,0.005105950403958559,0.007013158872723579,-0.0019072084687650204,-0.0019072084687650204
2023-12-22,2023-12-07,0.002123933518305421,0.0,0.0,0.002123933518305421,-0.013363257981836796,0.015487191500142217,0.015487191500142217
