outer_split_id,factor,window_count,eligible_window_count,selected_window_count,selection_frequency,frozen_direction,direction_agreement_ratio,direction_adjusted_positive_window_ratio,median_train_ic,median_validation_ic,median_development_degradation,worst_development_degradation,upstream_fdr_pass,upstream_fdr_q_value,coverage_min,coverage_median,stability_role,role_reason
split_001,alpha158_BETA10,3,3,0,0.0,-1,1.0,1.0,-0.025555132998771515,-0.08488629638379896,,,False,0.0618811881188118,1.0,1.0,holdout,eligible_windows=3;selection_frequency=0.000;direction_agreement=1.000;direction_adjusted_validation_positive_ratio=1.000;worst_development_degradation=nan;upstream_fdr_pass=False
split_001,alpha158_BETA20,3,3,3,1.0,-1,1.0,1.0,-0.05146550958213228,-0.14165103058216144,0.09056739261496335,0.05909946434850156,True,0.0495049504950495,1.0,1.0,stable_core,eligible_windows=3;selection_frequency=1.000;direction_agreement=1.000;direction_adjusted_validation_positive_ratio=1.000;worst_development_degradation=0.05909946434850156;upstream_fdr_pass=True
split_001,alpha158_BETA30,3,3,3,1.0,-1,1.0,1.0,-0.07545206868952166,-0.17283983537093736,0.0973877666814157,0.031354091185707034,True,0.0309405940594059,1.0,1.0,stable_core,eligible_windows=3;selection_frequency=1.000;direction_agreement=1.000;direction_adjusted_validation_positive_ratio=1.000;worst_development_degradation=0.031354091185707034;upstream_fdr_pass=True
split_001,alpha158_BETA5,3,3,0,0.0,-1,1.0,1.0,-0.014670357614459704,-0.058112290659221466,,,False,0.0773514851485148,1.0,1.0,holdout,eligible_windows=3;selection_frequency=0.000;direction_agreement=1.000;direction_adjusted_validation_positive_ratio=1.000;worst_development_degradation=nan;upstream_fdr_pass=False
split_001,alpha158_BETA60,3,3,2,0.6666666666666666,-1,1.0,0.6666666666666666,-0.07331293340373865,-0.09782798904532605,0.07001863196320868,0.007431668110642886,True,0.0309405940594059,1.0,1.0,stable_core,eligible_windows=3;selection_frequency=0.667;direction_agreement=1.000;direction_adjusted_validation_positive_ratio=0.667;worst_development_degradation=0.007431668110642886;upstream_fdr_pass=True
split_001,alpha158_CNTD10,3,3,0,0.0,-1,1.0,1.0,-0.012598590448981983,-0.06793630653922714,,,False,0.2475247524752475,1.0,1.0,holdout,eligible_windows=3;selection_frequency=0.000;direction_agreement=1.000;direction_adjusted_validation_positive_ratio=1.000;worst_development_degradation=nan;upstream_fdr_pass=False
split_001,alpha158_CNTD20,3,3,0,0.0,-1,1.0,1.0,-0.030517274317705654,-0.09083815149010258,,,False,0.1302761855132881,1.0,1.0,holdout,eligible_windows=3;selection_frequency=0.000;direction_agreement=1.000;direction_adjusted_validation_positive_ratio=1.000;worst_development_degradation=nan;upstream_fdr_pass=False
split_001,alpha158_CNTD30,3,3,3,1.0,-1,1.0,1.0,-0.04821908960767382,-0.10529731069460202,0.05648788341714915,0.027457137721928704,True,0.0309405940594059,1.0,1.0,stable_core,eligible_windows=3;selection_frequency=1.000;direction_agreement=1.000;direction_adjusted_validation_positive_ratio=1.000;worst_development_degradation=0.027457137721928704;upstream_fdr_pass=True
split_001,alpha158_CNTD5,3,3,0,0.0,-1,1.0,1.0,-0.007307868686693863,-0.054750170550585134,,,False,0.2003771805752004,1.0,1.0,holdout,eligible_windows=3;selection_frequency=0.000;direction_agreement=1.000;direction_adjusted_validation_positive_ratio=1.000;worst_development_degradation=nan;upstream_fdr_pass=False
split_001,alpha158_CNTD60,3,3,0,0.0,-1,1.0,0.6666666666666666,-0.0503258976935466,-0.10527984491882673,,,False,0.11001100110011,1.0,1.0,holdout,eligible_windows=3;selection_frequency=0.000;direction_agreement=1.000;direction_adjusted_validation_positive_ratio=0.667;worst_development_degradation=nan;upstream_fdr_pass=False
split_001,alpha158_CNTN10,3,3,0,0.0,1,1.0,1.0,0.008129585804575323,0.045432028719694637,,,False,0.4059405940594059,1.0,1.0,holdout,eligible_windows=3;selection_frequency=0.000;direction_agreement=1.000;direction_adjusted_validation_positive_ratio=1.000;worst_development_degradation=nan;upstream_fdr_pass=False
split_001,alpha158_CNTN20,3,3,0,0.0,1,1.0,1.0,0.021952996317675007,0.07379211603895541,,,False,0.2475247524752475,1.0,1.0,holdout,eligible_windows=3;selection_frequency=0.000;direction_agreement=1.000;direction_adjusted_validation_positive_ratio=1.000;worst_development_degradation=nan;upstream_fdr_pass=False
split_001,alpha158_CNTN30,3,3,0,0.0,1,1.0,1.0,0.03622448102656887,0.059639348171207265,,,False,0.1608910891089109,1.0,1.0,holdout,eligible_windows=3;selection_frequency=0.000;direction_agreement=1.000;direction_adjusted_validation_positive_ratio=1.000;worst_development_degradation=nan;upstream_fdr_pass=False
split_001,alpha158_CNTN60,3,3,0,0.0,1,1.0,0.6666666666666666,0.03443744488808258,0.08032256405120228,,,False,0.3403465346534653,1.0,1.0,holdout,eligible_windows=3;selection_frequency=0.000;direction_agreement=1.000;direction_adjusted_validation_positive_ratio=0.667;worst_development_degradation=nan;upstream_fdr_pass=False
split_001,alpha158_CNTP10,3,3,0,0.0,-1,1.0,1.0,-0.018470506671395957,-0.08900714824932555,,,False,0.0773514851485148,1.0,1.0,holdout,eligible_windows=3;selection_frequency=0.000;direction_agreement=1.000;direction_adjusted_validation_positive_ratio=1.000;worst_development_degradation=nan;upstream_fdr_pass=False
split_001,alpha158_CNTP20,3,3,0,0.0,-1,1.0,1.0,-0.039119304568939035,-0.11468568468787485,,,False,0.0773514851485148,1.0,1.0,holdout,eligible_windows=3;selection_frequency=0.000;direction_agreement=1.000;direction_adjusted_validation_positive_ratio=1.000;worst_development_degradation=nan;upstream_fdr_pass=False
split_001,alpha158_CNTP30,3,3,3,1.0,-1,1.0,1.0,-0.05827582361075249,-0.14365038391585389,0.0853745603051014,0.03360269211195609,True,0.0309405940594059,1.0,1.0,stable_core,eligible_windows=3;selection_frequency=1.000;direction_agreement=1.000;direction_adjusted_validation_positive_ratio=1.000;worst_development_degradation=0.03360269211195609;upstream_fdr_pass=True
split_001,alpha158_CNTP5,3,3,0,0.0,-1,1.0,1.0,-0.011469444743720865,-0.06190857583566456,,,False,0.11001100110011,1.0,1.0,holdout,eligible_windows=3;selection_frequency=0.000;direction_agreement=1.000;direction_adjusted_validation_positive_ratio=1.000;worst_development_degradation=nan;upstream_fdr_pass=False
split_001,alpha158_CNTP60,3,3,0,0.0,-1,1.0,0.6666666666666666,-0.06309473709220087,-0.08735543716324111,,,False,0.0773514851485148,1.0,1.0,holdout,eligible_windows=3;selection_frequency=0.000;direction_agreement=1.000;direction_adjusted_validation_positive_ratio=0.667;worst_development_degradation=nan;upstream_fdr_pass=False
split_001,alpha158_CORD10,3,3,3,1.0,-1,1.0,1.0,-0.027707249351401092,-0.09717847688460861,0.07410868272719304,0.02377672464343753,True,0.0309405940594059,1.0,1.0,stable_core,eligible_windows=3;selection_frequency=1.000;direction_agreement=1.000;direction_adjusted_validation_positive_ratio=1.000;worst_development_degradation=0.02377672464343753;upstream_fdr_pass=True
split_001,alpha158_CORD20,3,3,3,1.0,-1,1.0,1.0,-0.044075442978618574,-0.09276293016675038,0.04868748718813181,0.01856647965857628,True,0.0309405940594059,1.0,1.0,stable_core,eligible_windows=3;selection_frequency=1.000;direction_agreement=1.000;direction_adjusted_validation_positive_ratio=1.000;worst_development_degradation=0.01856647965857628;upstream_fdr_pass=True
split_001,alpha158_CORD30,3,3,3,1.0,-1,1.0,1.0,-0.05410402669238719,-0.08788364452287627,0.03055921560868862,-0.014227161969962189,True,0.0309405940594059,1.0,1.0,stable_core,eligible_windows=3;selection_frequency=1.000;direction_agreement=1.000;direction_adjusted_validation_positive_ratio=1.000;worst_development_degradation=-0.014227161969962189;upstream_fdr_pass=True
split_001,alpha158_CORD5,3,3,0,0.0,-1,1.0,1.0,-0.014815884693836172,-0.057981604568548596,,,False,0.0618811881188118,1.0,1.0,holdout,eligible_windows=3;selection_frequency=0.000;direction_agreement=1.000;direction_adjusted_validation_positive_ratio=1.000;worst_development_degradation=nan;upstream_fdr_pass=False
split_001,alpha158_CORD60,3,3,3,1.0,-1,1.0,1.0,-0.04297512222193288,-0.03560456279204142,-0.0073705594298914615,-0.021811184817069465,True,0.0309405940594059,1.0,1.0,stable_core,eligible_windows=3;selection_frequency=1.000;direction_agreement=1.000;direction_adjusted_validation_positive_ratio=1.000;worst_development_degradation=-0.021811184817069465;upstream_fdr_pass=True
split_001,alpha158_CORR10,3,3,3,1.0,-1,1.0,1.0,-0.0333060617378808,-0.12870569968655712,0.09633663483615679,0.01771963704873354,True,0.0495049504950495,1.0,1.0,stable_core,eligible_windows=3;selection_frequency=1.000;direction_agreement=1.000;direction_adjusted_validation_positive_ratio=1.000;worst_development_degradation=0.01771963704873354;upstream_fdr_pass=True
split_002,alpha158_BETA10,3,3,2,0.6666666666666666,-1,1.0,0.6666666666666666,-0.03585147703480882,-0.036003884066806414,0.035092330772967945,-0.00039324394985772865,True,0.0206270627062706,1.0,1.0,stable_core,eligible_windows=3;selection_frequency=0.667;direction_agreement=1.000;direction_adjusted_validation_positive_ratio=0.667;worst_development_degradation=-0.00039324394985772865;upstream_fdr_pass=True
split_002,alpha158_BETA20,3,3,2,0.6666666666666666,-1,1.0,1.0,-0.06337939969251931,-0.02659134992652712,-0.003355490506130699,-0.034640418870562274,True,0.0206270627062706,1.0,1.0,conditional_signal,eligible_windows=3;selection_frequency=0.667;direction_agreement=1.000;direction_adjusted_validation_positive_ratio=1.000;worst_development_degradation=-0.034640418870562274;upstream_fdr_pass=True
split_002,alpha158_BETA30,3,3,3,1.0,-1,1.0,1.0,-0.08427930331767253,-0.04595064664039493,-0.04705804786417013,-0.05385830252308389,True,0.0206270627062706,1.0,1.0,conditional_signal,eligible_windows=3;selection_frequency=1.000;direction_agreement=1.000;direction_adjusted_validation_positive_ratio=1.000;worst_development_degradation=-0.05385830252308389;upstream_fdr_pass=True
split_002,alpha158_BETA5,3,3,0,0.0,-1,1.0,0.6666666666666666,-0.01982106589504646,-0.04649209041566936,,,False,0.1042209484106305,1.0,1.0,holdout,eligible_windows=3;selection_frequency=0.000;direction_agreement=1.000;direction_adjusted_validation_positive_ratio=0.667;worst_development_degradation=nan;upstream_fdr_pass=False
split_002,alpha158_BETA60,3,3,2,0.6666666666666666,-1,1.0,0.6666666666666666,-0.074062746871607,-0.012442858004280511,-0.0011301461555534228,-0.055569600314357356,True,0.0206270627062706,1.0,1.0,conditional_signal,eligible_windows=3;selection_frequency=0.667;direction_agreement=1.000;direction_adjusted_validation_positive_ratio=0.667;worst_development_degradation=-0.055569600314357356;upstream_fdr_pass=True
split_002,alpha158_CNTD10,3,3,0,0.0,-1,1.0,1.0,-0.021421444547403863,-0.018150066674286775,,,False,0.1532296086751532,1.0,1.0,holdout,eligible_windows=3;selection_frequency=0.000;direction_agreement=1.000;direction_adjusted_validation_positive_ratio=1.000;worst_development_degradation=nan;upstream_fdr_pass=False
split_002,alpha158_CNTD20,3,3,0,0.0,-1,1.0,1.0,-0.03512826579873296,-0.014647566450185247,,,False,0.0825082508250825,1.0,1.0,holdout,eligible_windows=3;selection_frequency=0.000;direction_agreement=1.000;direction_adjusted_validation_positive_ratio=1.000;worst_development_degradation=nan;upstream_fdr_pass=False
split_002,alpha158_CNTD30,3,3,1,0.3333333333333333,-1,1.0,0.3333333333333333,-0.05014090792238772,0.010065141922084776,-0.010313910793517865,-0.010313910793517865,True,0.0495049504950495,1.0,1.0,conditional_signal,eligible_windows=3;selection_frequency=0.333;direction_agreement=1.000;direction_adjusted_validation_positive_ratio=0.333;worst_development_degradation=-0.010313910793517865;upstream_fdr_pass=True
split_002,alpha158_CNTD5,3,3,0,0.0,-1,1.0,1.0,-0.013202898252778284,-0.0223951067596151,,,False,0.2152389151958674,1.0,1.0,holdout,eligible_windows=3;selection_frequency=0.000;direction_agreement=1.000;direction_adjusted_validation_positive_ratio=1.000;worst_development_degradation=nan;upstream_fdr_pass=False
split_002,alpha158_CNTD60,3,3,0,0.0,-1,1.0,0.3333333333333333,-0.046438847374683054,0.023315830748766718,,,False,0.0825082508250825,1.0,1.0,holdout,eligible_windows=3;selection_frequency=0.000;direction_agreement=1.000;direction_adjusted_validation_positive_ratio=0.333;worst_development_degradation=nan;upstream_fdr_pass=False
split_002,alpha158_CNTN10,3,3,0,0.0,1,1.0,0.6666666666666666,0.015121390834951407,0.024421517904274194,,,False,0.2681518151815181,1.0,1.0,holdout,eligible_windows=3;selection_frequency=0.000;direction_agreement=1.000;direction_adjusted_validation_positive_ratio=0.667;worst_development_degradation=nan;upstream_fdr_pass=False
split_002,alpha158_CNTN20,3,3,0,0.0,1,1.0,0.6666666666666666,0.025816124780492476,0.016256828610745053,,,False,0.1687668766876687,1.0,1.0,holdout,eligible_windows=3;selection_frequency=0.000;direction_agreement=1.000;direction_adjusted_validation_positive_ratio=0.667;worst_development_degradation=nan;upstream_fdr_pass=False
split_002,alpha158_CNTN30,3,3,0,0.0,1,1.0,0.3333333333333333,0.037318761249015876,-0.004759423526499865,,,False,0.1237623762376237,1.0,1.0,holdout,eligible_windows=3;selection_frequency=0.000;direction_agreement=1.000;direction_adjusted_validation_positive_ratio=0.333;worst_development_degradation=nan;upstream_fdr_pass=False
split_002,alpha158_CNTN60,3,3,0,0.0,1,1.0,0.0,0.02975444820625571,-0.02009075661384193,,,False,0.3069306930693069,1.0,1.0,holdout,eligible_windows=3;selection_frequency=0.000;direction_agreement=1.000;direction_adjusted_validation_positive_ratio=0.000;worst_development_degradation=nan;upstream_fdr_pass=False
split_002,alpha158_CNTP10,3,3,3,1.0,-1,1.0,1.0,-0.026929048023694304,-0.04025046541877069,0.013321417395076387,-0.01592443600030167,True,0.0495049504950495,1.0,1.0,stable_core,eligible_windows=3;selection_frequency=1.000;direction_agreement=1.000;direction_adjusted_validation_positive_ratio=1.000;worst_development_degradation=-0.01592443600030167;upstream_fdr_pass=True
split_002,alpha158_CNTP20,3,3,2,0.6666666666666666,-1,1.0,1.0,-0.043896800911424984,-0.03500706837837447,-0.004724864302031801,-0.015085873854519427,True,0.0206270627062706,1.0,1.0,stable_core,eligible_windows=3;selection_frequency=0.667;direction_agreement=1.000;direction_adjusted_validation_positive_ratio=1.000;worst_development_degradation=-0.015085873854519427;upstream_fdr_pass=True
split_002,alpha158_CNTP30,3,3,1,0.3333333333333333,-1,1.0,0.3333333333333333,-0.060720159058767514,0.003452759236358055,0.02111802983350615,0.02111802983350615,True,0.0206270627062706,1.0,1.0,conditional_signal,eligible_windows=3;selection_frequency=0.333;direction_agreement=1.000;direction_adjusted_validation_positive_ratio=0.333;worst_development_degradation=0.02111802983350615;upstream_fdr_pass=True
split_002,alpha158_CNTP5,3,3,0,0.0,-1,1.0,1.0,-0.017661718485566583,-0.029137686605390713,,,False,0.0618811881188118,1.0,1.0,holdout,eligible_windows=3;selection_frequency=0.000;direction_agreement=1.000;direction_adjusted_validation_positive_ratio=1.000;worst_development_degradation=nan;upstream_fdr_pass=False
split_002,alpha158_CNTP60,3,3,1,0.3333333333333333,-1,1.0,0.3333333333333333,-0.06024934585636582,0.029919443201763436,0.013312721156818946,0.013312721156818946,True,0.0206270627062706,1.0,1.0,conditional_signal,eligible_windows=3;selection_frequency=0.333;direction_agreement=1.000;direction_adjusted_validation_positive_ratio=0.333;worst_development_degradation=0.013312721156818946;upstream_fdr_pass=True
split_002,alpha158_CORD10,3,3,2,0.6666666666666666,-1,1.0,0.6666666666666666,-0.03220326782710593,-0.057557257928660156,0.03698187062463945,0.028071299166133705,True,0.0206270627062706,1.0,1.0,stable_core,eligible_windows=3;selection_frequency=0.667;direction_agreement=1.000;direction_adjusted_validation_positive_ratio=0.667;worst_development_degradation=0.028071299166133705;upstream_fdr_pass=True
split_002,alpha158_CORD20,3,3,2,0.6666666666666666,-1,1.0,0.6666666666666666,-0.05194540020755113,-0.048442257428837905,0.03200058664213927,-0.0035031427787132266,True,0.0206270627062706,1.0,1.0,stable_core,eligible_windows=3;selection_frequency=0.667;direction_agreement=1.000;direction_adjusted_validation_positive_ratio=0.667;worst_development_degradation=-0.0035031427787132266;upstream_fdr_pass=True
split_002,alpha158_CORD30,3,3,2,0.6666666666666666,-1,1.0,0.6666666666666666,-0.06252097333989827,-0.027655990303827694,0.026842223937078524,-0.035408052324135436,True,0.0206270627062706,1.0,1.0,conditional_signal,eligible_windows=3;selection_frequency=0.667;direction_agreement=1.000;direction_adjusted_validation_positive_ratio=0.667;worst_development_degradation=-0.035408052324135436;upstream_fdr_pass=True
split_002,alpha158_CORD5,3,3,2,0.6666666666666666,-1,1.0,0.6666666666666666,-0.020062230645961212,-0.04905984902275343,0.03554663935051371,0.028997618376792215,True,0.038080731150038,1.0,1.0,stable_core,eligible_windows=3;selection_frequency=0.667;direction_agreement=1.000;direction_adjusted_validation_positive_ratio=0.667;worst_development_degradation=0.028997618376792215;upstream_fdr_pass=True
split_002,alpha158_CORD60,3,3,1,0.3333333333333333,-1,1.0,0.3333333333333333,-0.05019815348723354,0.0016041869606095848,0.11403001655945266,0.11403001655945266,True,0.0206270627062706,1.0,1.0,conditional_signal,eligible_windows=3;selection_frequency=0.333;direction_agreement=1.000;direction_adjusted_validation_positive_ratio=0.333;worst_development_degradation=0.11403001655945266;upstream_fdr_pass=True
split_002,alpha158_CORR10,3,3,2,0.6666666666666666,-1,1.0,0.6666666666666666,-0.041815562555715016,-0.03296550728714681,0.028531242719210682,-0.008850055268568205,True,0.0206270627062706,1.0,1.0,stable_core,eligible_windows=3;selection_frequency=0.667;direction_agreement=1.000;direction_adjusted_validation_positive_ratio=0.667;worst_development_degradation=-0.008850055268568205;upstream_fdr_pass=True
split_003,alpha158_BETA10,3,3,2,0.6666666666666666,-1,1.0,0.6666666666666666,-0.030552443128009484,-0.016808476429307728,0.022957349399507655,-0.011701796586186232,True,0.0206270627062706,1.0,1.0,stable_core,eligible_windows=3;selection_frequency=0.667;direction_agreement=1.000;direction_adjusted_validation_positive_ratio=0.667;worst_development_degradation=-0.011701796586186232;upstream_fdr_pass=True
split_003,alpha158_BETA20,3,3,2,0.6666666666666666,-1,1.0,0.6666666666666666,-0.05662834643857626,-0.014870850744217564,0.03485286679613703,-0.04268169134452579,True,0.0206270627062706,1.0,1.0,conditional_signal,eligible_windows=3;selection_frequency=0.667;direction_agreement=1.000;direction_adjusted_validation_positive_ratio=0.667;worst_development_degradation=-0.04268169134452579;upstream_fdr_pass=True
split_003,alpha158_BETA30,3,3,2,0.6666666666666666,-1,1.0,0.6666666666666666,-0.07184870088824186,-0.04291525455174403,0.049917266028045304,-0.03577280045596364,True,0.0206270627062706,1.0,1.0,conditional_signal,eligible_windows=3;selection_frequency=0.667;direction_agreement=1.000;direction_adjusted_validation_positive_ratio=0.667;worst_development_degradation=-0.03577280045596364;upstream_fdr_pass=True
split_003,alpha158_BETA5,3,3,1,0.3333333333333333,-1,1.0,0.6666666666666666,-0.01778814157788135,-0.006342027575011587,0.017570862415122082,0.017570862415122082,True,0.0206270627062706,1.0,1.0,conditional_signal,eligible_windows=3;selection_frequency=0.333;direction_agreement=1.000;direction_adjusted_validation_positive_ratio=0.667;worst_development_degradation=0.017570862415122082;upstream_fdr_pass=True
split_003,alpha158_BETA60,3,3,2,0.6666666666666666,-1,1.0,0.6666666666666666,-0.06822544855023038,-0.020134370667630398,0.014069856644370944,-0.04809107788259999,True,0.0412541254125412,1.0,1.0,conditional_signal,eligible_windows=3;selection_frequency=0.667;direction_agreement=1.000;direction_adjusted_validation_positive_ratio=0.667;worst_development_degradation=-0.04809107788259999;upstream_fdr_pass=True
split_003,alpha158_CNTD10,3,3,1,0.3333333333333333,-1,1.0,0.3333333333333333,-0.016162174032411346,0.0034045835960443945,0.015083130952176591,0.015083130952176591,True,0.0471475719000471,1.0,1.0,conditional_signal,eligible_windows=3;selection_frequency=0.333;direction_agreement=1.000;direction_adjusted_validation_positive_ratio=0.333;worst_development_degradation=0.015083130952176591;upstream_fdr_pass=True
split_003,alpha158_CNTD20,3,3,1,0.3333333333333333,-1,1.0,0.3333333333333333,-0.03021973170470308,0.028012789223848516,0.06258643007169723,0.06258643007169723,True,0.0471475719000471,1.0,1.0,conditional_signal,eligible_windows=3;selection_frequency=0.333;direction_agreement=1.000;direction_adjusted_validation_positive_ratio=0.333;worst_development_degradation=0.06258643007169723;upstream_fdr_pass=True
split_003,alpha158_CNTD30,3,3,1,0.3333333333333333,-1,1.0,0.3333333333333333,-0.04216634682084879,0.03065989507705292,0.058352745767774966,0.058352745767774966,True,0.0412541254125412,1.0,1.0,conditional_signal,eligible_windows=3;selection_frequency=0.333;direction_agreement=1.000;direction_adjusted_validation_positive_ratio=0.333;worst_development_degradation=0.058352745767774966;upstream_fdr_pass=True
split_003,alpha158_CNTD5,3,3,0,0.0,-1,1.0,0.6666666666666666,-0.009881220014109779,-0.007304590641514942,,,True,0.0309405940594059,1.0,1.0,monitor,eligible_windows=3;selection_frequency=0.000;direction_agreement=1.000;direction_adjusted_validation_positive_ratio=0.667;worst_development_degradation=nan;upstream_fdr_pass=True
split_003,alpha158_CNTD60,3,3,1,0.3333333333333333,-1,1.0,0.3333333333333333,-0.042033391421672825,0.045141700892467156,0.02086913884302022,0.02086913884302022,True,0.0471475719000471,1.0,1.0,conditional_signal,eligible_windows=3;selection_frequency=0.333;direction_agreement=1.000;direction_adjusted_validation_positive_ratio=0.333;worst_development_degradation=0.02086913884302022;upstream_fdr_pass=True
split_003,alpha158_CNTN10,3,3,0,0.0,1,1.0,0.6666666666666666,0.011497451977629261,0.0013546932254734606,,,False,0.165016501650165,1.0,1.0,holdout,eligible_windows=3;selection_frequency=0.000;direction_agreement=1.000;direction_adjusted_validation_positive_ratio=0.667;worst_development_degradation=nan;upstream_fdr_pass=False
split_003,alpha158_CNTN20,3,3,0,0.0,1,1.0,0.3333333333333333,0.020940849941388028,-0.03902657007697199,,,False,0.1614291863969005,1.0,1.0,holdout,eligible_windows=3;selection_frequency=0.000;direction_agreement=1.000;direction_adjusted_validation_positive_ratio=0.333;worst_development_degradation=nan;upstream_fdr_pass=False
split_003,alpha158_CNTN30,3,3,0,0.0,1,1.0,0.3333333333333333,0.028257163737424398,-0.04576189549954018,,,False,0.1237623762376237,1.0,1.0,holdout,eligible_windows=3;selection_frequency=0.000;direction_agreement=1.000;direction_adjusted_validation_positive_ratio=0.333;worst_development_degradation=nan;upstream_fdr_pass=False
split_003,alpha158_CNTN60,3,3,0,0.0,1,1.0,0.3333333333333333,0.02398547428838595,-0.04167441524816576,,,False,0.3168316831683168,1.0,1.0,holdout,eligible_windows=3;selection_frequency=0.000;direction_agreement=1.000;direction_adjusted_validation_positive_ratio=0.333;worst_development_degradation=nan;upstream_fdr_pass=False
split_003,alpha158_CNTP10,3,3,1,0.3333333333333333,-1,1.0,0.3333333333333333,-0.02339848480339817,0.007020093421575275,0.0219501895023323,0.0219501895023323,True,0.0309405940594059,1.0,1.0,conditional_signal,eligible_windows=3;selection_frequency=0.333;direction_agreement=1.000;direction_adjusted_validation_positive_ratio=0.333;worst_development_degradation=0.0219501895023323;upstream_fdr_pass=True
split_003,alpha158_CNTP20,3,3,1,0.3333333333333333,-1,1.0,0.3333333333333333,-0.038526399348997604,0.013401435493836687,0.06607838629293071,0.06607838629293071,True,0.0206270627062706,1.0,1.0,conditional_signal,eligible_windows=3;selection_frequency=0.333;direction_agreement=1.000;direction_adjusted_validation_positive_ratio=0.333;worst_development_degradation=0.06607838629293071;upstream_fdr_pass=True
split_003,alpha158_CNTP30,3,3,1,0.3333333333333333,-1,1.0,0.3333333333333333,-0.05445677279018451,0.011570607698503491,0.05832042781770444,0.05832042781770444,True,0.0206270627062706,1.0,1.0,conditional_signal,eligible_windows=3;selection_frequency=0.333;direction_agreement=1.000;direction_adjusted_validation_positive_ratio=0.333;worst_development_degradation=0.05832042781770444;upstream_fdr_pass=True
split_003,alpha158_CNTP5,3,3,1,0.3333333333333333,-1,1.0,0.6666666666666666,-0.015351396813676789,-0.006404445944337775,-0.002223282092877539,-0.002223282092877539,True,0.0309405940594059,1.0,1.0,conditional_signal,eligible_windows=3;selection_frequency=0.333;direction_agreement=1.000;direction_adjusted_validation_positive_ratio=0.667;worst_development_degradation=-0.002223282092877539;upstream_fdr_pass=True
split_003,alpha158_CNTP60,3,3,1,0.3333333333333333,-1,1.0,0.3333333333333333,-0.05735967394166876,0.04091621915349983,0.022166056967419794,0.022166056967419794,True,0.0206270627062706,1.0,1.0,conditional_signal,eligible_windows=3;selection_frequency=0.333;direction_agreement=1.000;direction_adjusted_validation_positive_ratio=0.333;worst_development_degradation=0.022166056967419794;upstream_fdr_pass=True
split_003,alpha158_CORD10,3,3,3,1.0,-1,1.0,1.0,-0.031124874425605575,-0.059558592054392324,0.027375828480552627,0.0235613488429117,True,0.0206270627062706,1.0,1.0,stable_core,eligible_windows=3;selection_frequency=1.000;direction_agreement=1.000;direction_adjusted_validation_positive_ratio=1.000;worst_development_degradation=0.0235613488429117;upstream_fdr_pass=True
split_003,alpha158_CORD20,3,3,3,1.0,-1,1.0,1.0,-0.04378204435701509,-0.07651948567215863,0.033643712359143776,-0.020642405004300556,True,0.0206270627062706,1.0,1.0,stable_core,eligible_windows=3;selection_frequency=1.000;direction_agreement=1.000;direction_adjusted_validation_positive_ratio=1.000;worst_development_degradation=-0.020642405004300556;upstream_fdr_pass=True
split_003,alpha158_CORD30,3,3,2,0.6666666666666666,-1,1.0,1.0,-0.05127215870041485,-0.0944116974247217,0.04784954137596936,0.043139538724306856,True,0.0206270627062706,1.0,1.0,stable_core,eligible_windows=3;selection_frequency=0.667;direction_agreement=1.000;direction_adjusted_validation_positive_ratio=1.000;worst_development_degradation=0.043139538724306856;upstream_fdr_pass=True
split_003,alpha158_CORD5,3,3,3,1.0,-1,1.0,1.0,-0.019802890593358567,-0.03935057496842837,0.02421272394042323,0.007784701752427573,True,0.0206270627062706,1.0,1.0,stable_core,eligible_windows=3;selection_frequency=1.000;direction_agreement=1.000;direction_adjusted_validation_positive_ratio=1.000;worst_development_degradation=0.007784701752427573;upstream_fdr_pass=True
split_003,alpha158_CORD60,3,3,3,1.0,-1,1.0,1.0,-0.03882236401812673,-0.09002698774318771,0.054225002070632064,-0.0360073765735735,True,0.0309405940594059,1.0,1.0,conditional_signal,eligible_windows=3;selection_frequency=1.000;direction_agreement=1.000;direction_adjusted_validation_positive_ratio=1.000;worst_development_degradation=-0.0360073765735735;upstream_fdr_pass=True
split_003,alpha158_CORR10,3,3,3,1.0,-1,1.0,1.0,-0.03945909575401953,-0.09448236818657565,0.05502327243255613,0.021672626855293586,True,0.0206270627062706,1.0,1.0,stable_core,eligible_windows=3;selection_frequency=1.000;direction_agreement=1.000;direction_adjusted_validation_positive_ratio=1.000;worst_development_degradation=0.021672626855293586;upstream_fdr_pass=True
