window,sample,label,factor,category,expected_direction,coverage,missing_rate,mean_ic,icir,mean_rank_ic,directional_mean_rank_ic,rank_icir,directional_rank_icir,ic_win_rate,ic_dates,valid_rows
main_research_2021_2023,tradable_only,label_20d_t1,ret_20__raw,momentum,watch,0.9962610291753762,0.003738970824623822,-0.04696382799572756,-0.3641217440829399,-0.0585407256333473,,-0.4101030654102864,,,726,821209
main_research_2021_2023,tradable_only,label_20d_t1,ret_20__cs_rank,momentum,watch,0.9962610291753762,0.003738970824623822,-0.032094776043702804,-0.24492097897069784,-0.0585407256333473,,-0.4101030654102864,,,726,821209
main_research_2021_2023,tradable_only,label_20d_t1,ret_20__cs_zscore,momentum,watch,0.9962610291753762,0.003738970824623822,-0.04006675745378723,-0.3044013744600726,-0.05846767462089671,,-0.40958221077826357,,,726,821209
main_research_2021_2023,tradable_only,label_20d_t1,ret_20__liquidity_bucket_zscore,momentum,watch,0.9962610291753762,0.003738970824623822,-0.024887853626297054,-0.20452891559924918,-0.042187561858703274,,-0.30530822118782397,,,726,821209
main_research_2021_2023,tradable_only,label_20d_t1,ret_20__volatility_bucket_zscore,momentum,watch,0.990083599117302,0.009916400882697962,-0.021498954205424504,-0.19240624115793215,-0.03248879293779871,,-0.25596851937117593,,,726,816117
main_research_2021_2023,tradable_only,label_20d_t1,ret_20__amount_proxy_residual,momentum,watch,0.990083599117302,0.009916400882697962,-0.042337970623583576,-0.3355492373835288,-0.05116382883599612,,-0.361494033006917,,,726,816117
main_research_2021_2023,tradable_only,label_20d_t1,ret_20__liquidity_volatility_residual,momentum,watch,0.990083599117302,0.009916400882697962,-0.03285989936528253,-0.3043588694602623,-0.021616535700467624,,-0.17918821202615942,,,726,816117
main_research_2021_2023,tradable_only,label_20d_t1,rev_5__raw,reversal,positive,0.9968457741258852,0.0031542258741148466,0.023914996159906405,0.20953479459516755,0.01959766619648346,0.01959766619648346,0.1478217424436394,0.1478217424436394,0.5509641873278237,726,821691
main_research_2021_2023,tradable_only,label_20d_t1,rev_5__cs_rank,reversal,positive,0.9968457741258852,0.0031542258741148466,0.013115014790745864,0.1109754894964973,0.01959766619648346,0.01959766619648346,0.1478217424436394,0.1478217424436394,0.5509641873278237,726,821691
main_research_2021_2023,tradable_only,label_20d_t1,rev_5__cs_zscore,reversal,positive,0.9968457741258852,0.0031542258741148466,0.01862972879085373,0.15979149692791791,0.019541748447630736,0.019541748447630736,0.14740082321392933,0.14740082321392933,0.5509641873278237,726,821691
main_research_2021_2023,tradable_only,label_20d_t1,rev_5__liquidity_bucket_zscore,reversal,positive,0.9968457741258852,0.0031542258741148466,0.008642783591258056,0.07966275472399158,0.00900091901420143,0.00900091901420143,0.0708551453916361,0.0708551453916361,0.5192837465564738,726,821691
main_research_2021_2023,tradable_only,label_20d_t1,rev_5__volatility_bucket_zscore,reversal,positive,0.9904511877480162,0.009548812251983785,0.015835629271667432,0.14946256693778537,0.02357717071823584,0.02357717071823584,0.19173288984988562,0.19173288984988562,0.5785123966942148,726,816420
main_research_2021_2023,tradable_only,label_20d_t1,rev_5__amount_proxy_residual,reversal,positive,0.9904511877480162,0.009548812251983785,0.031336740267400784,0.2793518606327742,0.029749281505517,0.029749281505517,0.22965731025720842,0.22965731025720842,0.5798898071625345,726,816420
main_research_2021_2023,tradable_only,label_20d_t1,rev_5__liquidity_volatility_residual,reversal,positive,0.9904511877480162,0.009548812251983785,0.027362949659557125,0.27163130756813786,0.018370926207734155,0.018370926207734155,0.16556939216572633,0.16556939216572633,0.5550964187327824,726,816420
main_research_2021_2023,tradable_only,label_20d_t1,std_20__raw,risk,negative,0.990083599117302,0.009916400882697962,-0.04450962394075422,-0.2916277768362717,-0.09434505805138182,0.09434505805138182,-0.56327849556555,0.56327849556555,0.6873278236914601,726,816117
main_research_2021_2023,tradable_only,label_20d_t1,std_20__cs_rank,risk,negative,0.990083599117302,0.009916400882697962,-0.038883560006730725,-0.252508843193473,-0.09434505805138182,0.09434505805138182,-0.56327849556555,0.56327849556555,0.6873278236914601,726,816117
main_research_2021_2023,tradable_only,label_20d_t1,std_20__cs_zscore,risk,negative,0.990083599117302,0.009916400882697962,-0.043412859983039946,-0.2798716794972611,-0.09431322381606094,0.09431322381606094,-0.5630550102485007,0.5630550102485007,0.6859504132231405,726,816117
main_research_2021_2023,tradable_only,label_20d_t1,std_20__liquidity_bucket_zscore,risk,negative,0.990083599117302,0.009916400882697962,-0.020887337580035546,-0.14899733637952678,-0.06875356350182864,0.06875356350182864,-0.42775305646392137,0.42775305646392137,0.6584022038567493,726,816117
main_research_2021_2023,tradable_only,label_20d_t1,std_20__volatility_bucket_zscore,risk,negative,0.990083599117302,0.009916400882697962,-0.005369363262585649,-0.0854107900088166,-0.011941679260352209,0.011941679260352209,-0.1832394310646658,0.1832394310646658,0.5977961432506887,726,816117
main_research_2021_2023,tradable_only,label_20d_t1,std_20__amount_proxy_residual,risk,negative,0.990083599117302,0.009916400882697962,-0.020038149903662,-0.1411153150743625,-0.061776828277907786,0.061776828277907786,-0.38325296000425496,0.38325296000425496,0.6363636363636364,726,816117
main_research_2021_2023,tradable_only,label_20d_t1,std_20__liquidity_volatility_residual,risk,negative,0.990083599117302,0.009916400882697962,-0.005986272641142675,-0.07796239877714232,0.005889538345348062,-0.005889538345348062,0.0863661710746376,-0.0863661710746376,0.47107438016528924,726,816117
main_research_2021_2023,tradable_only,label_20d_t1,amplitude_20__raw,risk,negative,0.9904511877480162,0.009548812251983785,-0.05688054662401235,-0.33461814537916007,-0.10986349599668649,0.10986349599668649,-0.5946277743457585,0.5946277743457585,0.6804407713498623,726,816420
main_research_2021_2023,tradable_only,label_20d_t1,amplitude_20__cs_rank,risk,negative,0.9904511877480162,0.009548812251983785,-0.047595464690783545,-0.27984412484266896,-0.10986349599668649,0.10986349599668649,-0.5946277743457585,0.5946277743457585,0.6804407713498623,726,816420
main_research_2021_2023,tradable_only,label_20d_t1,amplitude_20__cs_zscore,risk,negative,0.9904511877480162,0.009548812251983785,-0.05368924532149529,-0.3125416221143646,-0.10981848102709724,0.10981848102709724,-0.5944156680382475,0.5944156680382475,0.6804407713498623,726,816420
main_research_2021_2023,tradable_only,label_20d_t1,amplitude_20__liquidity_bucket_zscore,risk,negative,0.9904511877480162,0.009548812251983785,-0.0326338020530872,-0.20591756990303312,-0.08527168410595883,0.08527168410595883,-0.4766929465606097,0.4766929465606097,0.6611570247933884,726,816420
main_research_2021_2023,tradable_only,label_20d_t1,amplitude_20__volatility_bucket_zscore,risk,negative,0.9904511877480162,0.009548812251983785,-0.03141043091330663,-0.3866974570508085,-0.04665899433570784,0.04665899433570784,-0.67423497205997,0.67423497205997,0.7589531680440771,726,816420
main_research_2021_2023,tradable_only,label_20d_t1,amplitude_20__amount_proxy_residual,risk,negative,0.9904511877480162,0.009548812251983785,-0.03132887562970238,-0.19636634006839587,-0.07614683096440174,0.07614683096440174,-0.42671024267784496,0.42671024267784496,0.6391184573002755,726,816420
main_research_2021_2023,tradable_only,label_20d_t1,amplitude_20__liquidity_volatility_residual,risk,negative,0.9904511877480162,0.009548812251983785,-0.028183082767332918,-0.34403224734192683,-0.004954328458456556,0.004954328458456556,-0.09542530934346578,0.09542530934346578,0.5440771349862259,726,816420
main_research_2021_2023,tradable_only,label_20d_t1,amount_mean_20__raw,liquidity,watch,0.9904511877480162,0.009548812251983785,-0.05569269761141385,-0.5322868785875922,-0.0986293209068695,,-0.7882946490737213,,,726,816420
main_research_2021_2023,tradable_only,label_20d_t1,amount_mean_20__cs_rank,liquidity,watch,0.9904511877480162,0.009548812251983785,-0.0728456035868922,-0.6282772020278136,-0.0986293209068695,,-0.7882946490737213,,,726,816420
main_research_2021_2023,tradable_only,label_20d_t1,amount_mean_20__cs_zscore,liquidity,watch,0.9904511877480162,0.009548812251983785,-0.07049141330704577,-0.5879747261124437,-0.09844925445002004,,-0.7935207828723075,,,726,816420
main_research_2021_2023,tradable_only,label_20d_t1,amount_mean_20__liquidity_bucket_zscore,liquidity,watch,0.9904511877480162,0.009548812251983785,-0.03684739519326037,-0.4165462239716197,-0.042994199606793265,,-0.43904331249789946,,,726,816420
main_research_2021_2023,tradable_only,label_20d_t1,amount_mean_20__volatility_bucket_zscore,liquidity,watch,0.9904511877480162,0.009548812251983785,-0.0540405315791712,-0.5326694318514584,-0.05941828514170099,,-0.5133320539311301,,,726,816420
main_research_2021_2023,tradable_only,label_20d_t1,amount_mean_20__amount_proxy_residual,liquidity,watch,0.9904511877480162,0.009548812251983785,0.00459198657244053,0.12344147289413342,0.05698600480226186,,0.931649575359248,,,726,816420
main_research_2021_2023,tradable_only,label_20d_t1,amount_mean_20__liquidity_volatility_residual,liquidity,watch,0.9904511877480162,0.009548812251983785,-0.0029418059294304267,-0.0672074707120807,0.016994961593723327,,0.2718715846648209,,,726,816420
recent_oos_2024_2026,tradable_only,label_20d_t1,ret_20__raw,momentum,watch,0.9609826112000303,0.03901738879996974,-0.03873829712079331,-0.2685929974815458,-0.07354394426069193,,-0.4265073836877405,,,565,610617
recent_oos_2024_2026,tradable_only,label_20d_t1,ret_20__cs_rank,momentum,watch,0.9609826112000303,0.03901738879996974,-0.027480585074118533,-0.1841572471343196,-0.07354394426069193,,-0.4265073836877405,,,565,610617
recent_oos_2024_2026,tradable_only,label_20d_t1,ret_20__cs_zscore,momentum,watch,0.9609826112000303,0.03901738879996974,-0.03169968014392575,-0.2124379919320251,-0.07341451454640491,,-0.42567350497268097,,,565,610617
recent_oos_2024_2026,tradable_only,label_20d_t1,ret_20__liquidity_bucket_zscore,momentum,watch,0.9609826112000303,0.03901738879996974,-0.030982359536827233,-0.21650604873800325,-0.06824272214530307,,-0.4049170840120477,,,565,610617
recent_oos_2024_2026,tradable_only,label_20d_t1,ret_20__volatility_bucket_zscore,momentum,watch,0.9562848496008083,0.043715150399191716,-0.00922244292011694,-0.08710647141527708,-0.031138923664459157,,-0.2363906338290014,,,565,607632
recent_oos_2024_2026,tradable_only,label_20d_t1,ret_20__amount_proxy_residual,momentum,watch,0.9562848496008083,0.043715150399191716,-0.03730100193033373,-0.26163014948348784,-0.06658198687206657,,-0.3899754611478084,,,565,607632
recent_oos_2024_2026,tradable_only,label_20d_t1,ret_20__liquidity_volatility_residual,momentum,watch,0.9562848496008083,0.043715150399191716,-0.019659780843746723,-0.1870716516740783,-0.02050152045995537,,-0.14849664202478646,,,565,607632
recent_oos_2024_2026,tradable_only,label_20d_t1,rev_5__raw,reversal,positive,0.9615554705709236,0.03844452942907639,0.02411735862790356,0.1788116801000064,0.035178144534385,0.035178144534385,0.21611863796060476,0.21611863796060476,0.5734513274336284,565,610981
recent_oos_2024_2026,tradable_only,label_20d_t1,rev_5__cs_rank,reversal,positive,0.9615554705709236,0.03844452942907639,0.013301146165116363,0.09517650714499545,0.035178144534385,0.035178144534385,0.21611863796060476,0.21611863796060476,0.5734513274336284,565,610981
recent_oos_2024_2026,tradable_only,label_20d_t1,rev_5__cs_zscore,reversal,positive,0.9615554705709236,0.03844452942907639,0.017316496186843666,0.1263903546365869,0.035038994545187954,0.035038994545187954,0.21525233618845138,0.21525233618845138,0.5734513274336284,565,610981
recent_oos_2024_2026,tradable_only,label_20d_t1,rev_5__liquidity_bucket_zscore,reversal,positive,0.9615554705709236,0.03844452942907639,0.01569997099967772,0.11948006767741486,0.030730430729260832,0.030730430729260832,0.19454640004508303,0.19454640004508303,0.5504424778761062,565,610981
recent_oos_2024_2026,tradable_only,label_20d_t1,rev_5__volatility_bucket_zscore,reversal,positive,0.9565964599179426,0.04340354008205738,0.015418239916948646,0.14986947258181635,0.03303056390435079,0.03303056390435079,0.27248606646735596,0.27248606646735596,0.5964601769911504,565,607830
recent_oos_2024_2026,tradable_only,label_20d_t1,rev_5__amount_proxy_residual,reversal,positive,0.9565964599179426,0.04340354008205738,0.025940617908593724,0.19698560887012026,0.03748918658865938,0.03748918658865938,0.24055611213886013,0.24055611213886013,0.5964601769911504,565,607830
recent_oos_2024_2026,tradable_only,label_20d_t1,rev_5__liquidity_volatility_residual,reversal,positive,0.9565964599179426,0.04340354008205738,0.018371923480181556,0.18522634913488167,0.01991851044628274,0.01991851044628274,0.17998033797091165,0.17998033797091165,0.5486725663716814,565,607830
recent_oos_2024_2026,tradable_only,label_20d_t1,std_20__raw,risk,negative,0.9562848496008083,0.043715150399191716,-0.02432167823181087,-0.1198383239555123,-0.06825844209526678,0.06825844209526678,-0.2737304960489619,0.2737304960489619,0.6230088495575221,565,607632
recent_oos_2024_2026,tradable_only,label_20d_t1,std_20__cs_rank,risk,negative,0.9562848496008083,0.043715150399191716,-0.01164241279272492,-0.05444011636039385,-0.06825844209526678,0.06825844209526678,-0.2737304960489619,0.2737304960489619,0.6230088495575221,565,607632
recent_oos_2024_2026,tradable_only,label_20d_t1,std_20__cs_zscore,risk,negative,0.9562848496008083,0.043715150399191716,-0.022359880400195473,-0.10869694683196025,-0.0682068907028071,0.0682068907028071,-0.2736043137852679,0.2736043137852679,0.6230088495575221,565,607632
recent_oos_2024_2026,tradable_only,label_20d_t1,std_20__liquidity_bucket_zscore,risk,negative,0.9562848496008083,0.043715150399191716,-0.019769748091888913,-0.09861004018085057,-0.06170515001793786,0.06170515001793786,-0.2541316936151512,0.2541316936151512,0.6265486725663717,565,607632
recent_oos_2024_2026,tradable_only,label_20d_t1,std_20__volatility_bucket_zscore,risk,negative,0.9562848496008083,0.043715150399191716,-0.008180958000531771,-0.1097974787377777,-0.00971469760228994,0.00971469760228994,-0.11165961639393747,0.11165961639393747,0.5610619469026549,565,607632
recent_oos_2024_2026,tradable_only,label_20d_t1,std_20__amount_proxy_residual,risk,negative,0.9562848496008083,0.043715150399191716,-0.029462846209714833,-0.14618406498417502,-0.07323313830732259,0.07323313830732259,-0.301494144503312,0.301494144503312,0.6513274336283186,565,607632
recent_oos_2024_2026,tradable_only,label_20d_t1,std_20__liquidity_volatility_residual,risk,negative,0.9562848496008083,0.043715150399191716,-0.029933552795677873,-0.3779939440368072,-0.017707221697961437,0.017707221697961437,-0.22108885772346898,0.22108885772346898,0.5787610619469027,565,607632
recent_oos_2024_2026,tradable_only,label_20d_t1,amplitude_20__raw,risk,negative,0.9565964599179426,0.04340354008205738,-0.022462871701245248,-0.10382420440384496,-0.07540823769305438,0.07540823769305438,-0.29203572086298385,0.29203572086298385,0.6265486725663717,565,607830
recent_oos_2024_2026,tradable_only,label_20d_t1,amplitude_20__cs_rank,risk,negative,0.9565964599179426,0.04340354008205738,-0.011046389624207266,-0.04916991476683004,-0.07540823769305438,0.07540823769305438,-0.29203572086298385,0.29203572086298385,0.6265486725663717,565,607830
recent_oos_2024_2026,tradable_only,label_20d_t1,amplitude_20__cs_zscore,risk,negative,0.9565964599179426,0.04340354008205738,-0.019143932060292405,-0.0873259760781194,-0.07535718850606243,0.07535718850606243,-0.29186733278599264,0.29186733278599264,0.6283185840707964,565,607830
recent_oos_2024_2026,tradable_only,label_20d_t1,amplitude_20__liquidity_bucket_zscore,risk,negative,0.9565964599179426,0.04340354008205738,-0.016883905572640842,-0.07916870282626515,-0.06874742437243714,0.06874742437243714,-0.273772009575984,0.273772009575984,0.6300884955752213,565,607830
recent_oos_2024_2026,tradable_only,label_20d_t1,amplitude_20__volatility_bucket_zscore,risk,negative,0.9565964599179426,0.04340354008205738,-0.015838183721079736,-0.18173346245355143,-0.028801447943659218,0.028801447943659218,-0.3676610494074961,0.3676610494074961,0.6336283185840708,565,607830
recent_oos_2024_2026,tradable_only,label_20d_t1,amplitude_20__amount_proxy_residual,risk,negative,0.9565964599179426,0.04340354008205738,-0.027826089615659223,-0.1292303371635902,-0.0795971705873721,0.0795971705873721,-0.31498063489420025,0.31498063489420025,0.6442477876106195,565,607830
recent_oos_2024_2026,tradable_only,label_20d_t1,amplitude_20__liquidity_volatility_residual,risk,negative,0.9565964599179426,0.04340354008205738,-0.035056717616967374,-0.45630563763885407,-0.02360102671990189,0.02360102671990189,-0.3940007953584158,0.3940007953584158,0.6407079646017699,565,607830
recent_oos_2024_2026,tradable_only,label_20d_t1,amount_mean_20__raw,liquidity,watch,0.9565964599179426,0.04340354008205738,0.006773482184317645,0.061582685079423015,-0.02318357764544482,,-0.14643942329873913,,,565,607830
recent_oos_2024_2026,tradable_only,label_20d_t1,amount_mean_20__cs_rank,liquidity,watch,0.9565964599179426,0.04340354008205738,-0.0007771492322079509,-0.005756130879087492,-0.02318357764544482,,-0.14643942329873913,,,565,607830
recent_oos_2024_2026,tradable_only,label_20d_t1,amount_mean_20__cs_zscore,liquidity,watch,0.9565964599179426,0.04340354008205738,0.0029312686173855276,0.022171727476193278,-0.023065282223976667,,-0.14634394732169884,,,565,607830
recent_oos_2024_2026,tradable_only,label_20d_t1,amount_mean_20__liquidity_bucket_zscore,liquidity,watch,0.9565964599179426,0.04340354008205738,0.005223238507165246,0.050404622186666234,0.008991697301443233,,0.07090445796665777,,,565,607830
recent_oos_2024_2026,tradable_only,label_20d_t1,amount_mean_20__volatility_bucket_zscore,liquidity,watch,0.9565964599179426,0.04340354008205738,0.012594819712663689,0.09660496450802637,0.006878834962310999,,0.044107539976024346,,,565,607830
recent_oos_2024_2026,tradable_only,label_20d_t1,amount_mean_20__amount_proxy_residual,liquidity,watch,0.9565964599179426,0.04340354008205738,0.008304296365114884,0.16320580478812155,0.019043971796999883,,0.20069034686191298,,,565,607830
recent_oos_2024_2026,tradable_only,label_20d_t1,amount_mean_20__liquidity_volatility_residual,liquidity,watch,0.9565964599179426,0.04340354008205738,0.005675255194932565,0.10530646371880105,0.0006251860798140104,,0.0069351374634436065,,,565,607830
