batch_id,source_stage,system,factor,status,output_file_count,failure_count,output_dir
first20_v4,first20,alphalens_reloaded,alpha158_KMID,pass,8,0,E:/qlib_prj/qlib_baseline/outputs/factor_evaluation_v4/alpha158_first20_smoke/alphalens_reloaded/alpha158_KMID
first20_v4,first20,alphalens_reloaded,alpha158_KLEN,pass,8,0,E:/qlib_prj/qlib_baseline/outputs/factor_evaluation_v4/alpha158_first20_smoke/alphalens_reloaded/alpha158_KLEN
first20_v4,first20,alphalens_reloaded,alpha158_KMID2,pass,8,0,E:/qlib_prj/qlib_baseline/outputs/factor_evaluation_v4/alpha158_first20_smoke/alphalens_reloaded/alpha158_KMID2
first20_v4,first20,alphalens_reloaded,alpha158_KUP,pass,8,0,E:/qlib_prj/qlib_baseline/outputs/factor_evaluation_v4/alpha158_first20_smoke/alphalens_reloaded/alpha158_KUP
first20_v4,first20,alphalens_reloaded,alpha158_KUP2,pass,8,0,E:/qlib_prj/qlib_baseline/outputs/factor_evaluation_v4/alpha158_first20_smoke/alphalens_reloaded/alpha158_KUP2
first20_v4,first20,alphalens_reloaded,alpha158_KLOW,pass,8,0,E:/qlib_prj/qlib_baseline/outputs/factor_evaluation_v4/alpha158_first20_smoke/alphalens_reloaded/alpha158_KLOW
first20_v4,first20,alphalens_reloaded,alpha158_KLOW2,pass,8,0,E:/qlib_prj/qlib_baseline/outputs/factor_evaluation_v4/alpha158_first20_smoke/alphalens_reloaded/alpha158_KLOW2
first20_v4,first20,alphalens_reloaded,alpha158_KSFT,pass,8,0,E:/qlib_prj/qlib_baseline/outputs/factor_evaluation_v4/alpha158_first20_smoke/alphalens_reloaded/alpha158_KSFT
first20_v4,first20,alphalens_reloaded,alpha158_KSFT2,pass,8,0,E:/qlib_prj/qlib_baseline/outputs/factor_evaluation_v4/alpha158_first20_smoke/alphalens_reloaded/alpha158_KSFT2
first20_v4,first20,alphalens_reloaded,alpha158_OPEN0,pass,8,0,E:/qlib_prj/qlib_baseline/outputs/factor_evaluation_v4/alpha158_first20_smoke/alphalens_reloaded/alpha158_OPEN0
first20_v4,first20,alphalens_reloaded,alpha158_HIGH0,pass,8,0,E:/qlib_prj/qlib_baseline/outputs/factor_evaluation_v4/alpha158_first20_smoke/alphalens_reloaded/alpha158_HIGH0
first20_v4,first20,alphalens_reloaded,alpha158_LOW0,pass,8,0,E:/qlib_prj/qlib_baseline/outputs/factor_evaluation_v4/alpha158_first20_smoke/alphalens_reloaded/alpha158_LOW0
first20_v4,first20,alphalens_reloaded,alpha158_VWAP0,pass,8,0,E:/qlib_prj/qlib_baseline/outputs/factor_evaluation_v4/alpha158_first20_smoke/alphalens_reloaded/alpha158_VWAP0
first20_v4,first20,alphalens_reloaded,alpha158_ROC5,pass,8,0,E:/qlib_prj/qlib_baseline/outputs/factor_evaluation_v4/alpha158_first20_smoke/alphalens_reloaded/alpha158_ROC5
first20_v4,first20,alphalens_reloaded,alpha158_ROC10,pass,8,0,E:/qlib_prj/qlib_baseline/outputs/factor_evaluation_v4/alpha158_first20_smoke/alphalens_reloaded/alpha158_ROC10
first20_v4,first20,alphalens_reloaded,alpha158_ROC20,pass,8,0,E:/qlib_prj/qlib_baseline/outputs/factor_evaluation_v4/alpha158_first20_smoke/alphalens_reloaded/alpha158_ROC20
first20_v4,first20,alphalens_reloaded,alpha158_ROC30,pass,8,0,E:/qlib_prj/qlib_baseline/outputs/factor_evaluation_v4/alpha158_first20_smoke/alphalens_reloaded/alpha158_ROC30
first20_v4,first20,alphalens_reloaded,alpha158_ROC60,pass,8,0,E:/qlib_prj/qlib_baseline/outputs/factor_evaluation_v4/alpha158_first20_smoke/alphalens_reloaded/alpha158_ROC60
first20_v4,first20,alphalens_reloaded,alpha158_MA5,pass,8,0,E:/qlib_prj/qlib_baseline/outputs/factor_evaluation_v4/alpha158_first20_smoke/alphalens_reloaded/alpha158_MA5
first20_v4,first20,alphalens_reloaded,alpha158_MA10,pass,8,0,E:/qlib_prj/qlib_baseline/outputs/factor_evaluation_v4/alpha158_first20_smoke/alphalens_reloaded/alpha158_MA10
first20_v4,first20,jqfactor_analyzer,alpha158_KMID,partial_pass,5,2,E:/qlib_prj/qlib_baseline/outputs/factor_evaluation_v4/alpha158_first20_smoke/jqfactor_analyzer/alpha158_KMID
first20_v4,first20,jqfactor_analyzer,alpha158_KLEN,partial_pass,5,2,E:/qlib_prj/qlib_baseline/outputs/factor_evaluation_v4/alpha158_first20_smoke/jqfactor_analyzer/alpha158_KLEN
first20_v4,first20,jqfactor_analyzer,alpha158_KMID2,partial_pass,5,2,E:/qlib_prj/qlib_baseline/outputs/factor_evaluation_v4/alpha158_first20_smoke/jqfactor_analyzer/alpha158_KMID2
first20_v4,first20,jqfactor_analyzer,alpha158_KUP,partial_pass,5,2,E:/qlib_prj/qlib_baseline/outputs/factor_evaluation_v4/alpha158_first20_smoke/jqfactor_analyzer/alpha158_KUP
first20_v4,first20,jqfactor_analyzer,alpha158_KUP2,partial_pass,5,2,E:/qlib_prj/qlib_baseline/outputs/factor_evaluation_v4/alpha158_first20_smoke/jqfactor_analyzer/alpha158_KUP2
first20_v4,first20,jqfactor_analyzer,alpha158_KLOW,partial_pass,5,2,E:/qlib_prj/qlib_baseline/outputs/factor_evaluation_v4/alpha158_first20_smoke/jqfactor_analyzer/alpha158_KLOW
first20_v4,first20,jqfactor_analyzer,alpha158_KLOW2,partial_pass,5,2,E:/qlib_prj/qlib_baseline/outputs/factor_evaluation_v4/alpha158_first20_smoke/jqfactor_analyzer/alpha158_KLOW2
first20_v4,first20,jqfactor_analyzer,alpha158_KSFT,partial_pass,5,2,E:/qlib_prj/qlib_baseline/outputs/factor_evaluation_v4/alpha158_first20_smoke/jqfactor_analyzer/alpha158_KSFT
first20_v4,first20,jqfactor_analyzer,alpha158_KSFT2,partial_pass,5,2,E:/qlib_prj/qlib_baseline/outputs/factor_evaluation_v4/alpha158_first20_smoke/jqfactor_analyzer/alpha158_KSFT2
first20_v4,first20,jqfactor_analyzer,alpha158_OPEN0,partial_pass,5,2,E:/qlib_prj/qlib_baseline/outputs/factor_evaluation_v4/alpha158_first20_smoke/jqfactor_analyzer/alpha158_OPEN0
first20_v4,first20,jqfactor_analyzer,alpha158_HIGH0,partial_pass,5,2,E:/qlib_prj/qlib_baseline/outputs/factor_evaluation_v4/alpha158_first20_smoke/jqfactor_analyzer/alpha158_HIGH0
first20_v4,first20,jqfactor_analyzer,alpha158_LOW0,partial_pass,5,2,E:/qlib_prj/qlib_baseline/outputs/factor_evaluation_v4/alpha158_first20_smoke/jqfactor_analyzer/alpha158_LOW0
first20_v4,first20,jqfactor_analyzer,alpha158_VWAP0,partial_pass,5,2,E:/qlib_prj/qlib_baseline/outputs/factor_evaluation_v4/alpha158_first20_smoke/jqfactor_analyzer/alpha158_VWAP0
first20_v4,first20,jqfactor_analyzer,alpha158_ROC5,partial_pass,5,2,E:/qlib_prj/qlib_baseline/outputs/factor_evaluation_v4/alpha158_first20_smoke/jqfactor_analyzer/alpha158_ROC5
first20_v4,first20,jqfactor_analyzer,alpha158_ROC10,partial_pass,5,2,E:/qlib_prj/qlib_baseline/outputs/factor_evaluation_v4/alpha158_first20_smoke/jqfactor_analyzer/alpha158_ROC10
first20_v4,first20,jqfactor_analyzer,alpha158_ROC20,partial_pass,5,2,E:/qlib_prj/qlib_baseline/outputs/factor_evaluation_v4/alpha158_first20_smoke/jqfactor_analyzer/alpha158_ROC20
first20_v4,first20,jqfactor_analyzer,alpha158_ROC30,partial_pass,5,2,E:/qlib_prj/qlib_baseline/outputs/factor_evaluation_v4/alpha158_first20_smoke/jqfactor_analyzer/alpha158_ROC30
first20_v4,first20,jqfactor_analyzer,alpha158_ROC60,partial_pass,5,2,E:/qlib_prj/qlib_baseline/outputs/factor_evaluation_v4/alpha158_first20_smoke/jqfactor_analyzer/alpha158_ROC60
first20_v4,first20,jqfactor_analyzer,alpha158_MA5,partial_pass,5,2,E:/qlib_prj/qlib_baseline/outputs/factor_evaluation_v4/alpha158_first20_smoke/jqfactor_analyzer/alpha158_MA5
first20_v4,first20,jqfactor_analyzer,alpha158_MA10,partial_pass,5,2,E:/qlib_prj/qlib_baseline/outputs/factor_evaluation_v4/alpha158_first20_smoke/jqfactor_analyzer/alpha158_MA10
first20_v4,first20,qlib_eval,alpha158_KMID,pass,4,0,E:/qlib_prj/qlib_baseline/outputs/factor_evaluation_v4/alpha158_first20_smoke/qlib_eval/alpha158_KMID
first20_v4,first20,qlib_eval,alpha158_KLEN,pass,4,0,E:/qlib_prj/qlib_baseline/outputs/factor_evaluation_v4/alpha158_first20_smoke/qlib_eval/alpha158_KLEN
first20_v4,first20,qlib_eval,alpha158_KMID2,pass,4,0,E:/qlib_prj/qlib_baseline/outputs/factor_evaluation_v4/alpha158_first20_smoke/qlib_eval/alpha158_KMID2
first20_v4,first20,qlib_eval,alpha158_KUP,pass,4,0,E:/qlib_prj/qlib_baseline/outputs/factor_evaluation_v4/alpha158_first20_smoke/qlib_eval/alpha158_KUP
first20_v4,first20,qlib_eval,alpha158_KUP2,pass,4,0,E:/qlib_prj/qlib_baseline/outputs/factor_evaluation_v4/alpha158_first20_smoke/qlib_eval/alpha158_KUP2
first20_v4,first20,qlib_eval,alpha158_KLOW,pass,4,0,E:/qlib_prj/qlib_baseline/outputs/factor_evaluation_v4/alpha158_first20_smoke/qlib_eval/alpha158_KLOW
first20_v4,first20,qlib_eval,alpha158_KLOW2,pass,4,0,E:/qlib_prj/qlib_baseline/outputs/factor_evaluation_v4/alpha158_first20_smoke/qlib_eval/alpha158_KLOW2
first20_v4,first20,qlib_eval,alpha158_KSFT,pass,4,0,E:/qlib_prj/qlib_baseline/outputs/factor_evaluation_v4/alpha158_first20_smoke/qlib_eval/alpha158_KSFT
first20_v4,first20,qlib_eval,alpha158_KSFT2,pass,4,0,E:/qlib_prj/qlib_baseline/outputs/factor_evaluation_v4/alpha158_first20_smoke/qlib_eval/alpha158_KSFT2
first20_v4,first20,qlib_eval,alpha158_OPEN0,pass,4,0,E:/qlib_prj/qlib_baseline/outputs/factor_evaluation_v4/alpha158_first20_smoke/qlib_eval/alpha158_OPEN0
first20_v4,first20,qlib_eval,alpha158_HIGH0,pass,4,0,E:/qlib_prj/qlib_baseline/outputs/factor_evaluation_v4/alpha158_first20_smoke/qlib_eval/alpha158_HIGH0
first20_v4,first20,qlib_eval,alpha158_LOW0,pass,4,0,E:/qlib_prj/qlib_baseline/outputs/factor_evaluation_v4/alpha158_first20_smoke/qlib_eval/alpha158_LOW0
first20_v4,first20,qlib_eval,alpha158_VWAP0,pass,4,0,E:/qlib_prj/qlib_baseline/outputs/factor_evaluation_v4/alpha158_first20_smoke/qlib_eval/alpha158_VWAP0
first20_v4,first20,qlib_eval,alpha158_ROC5,pass,4,0,E:/qlib_prj/qlib_baseline/outputs/factor_evaluation_v4/alpha158_first20_smoke/qlib_eval/alpha158_ROC5
first20_v4,first20,qlib_eval,alpha158_ROC10,pass,4,0,E:/qlib_prj/qlib_baseline/outputs/factor_evaluation_v4/alpha158_first20_smoke/qlib_eval/alpha158_ROC10
first20_v4,first20,qlib_eval,alpha158_ROC20,pass,4,0,E:/qlib_prj/qlib_baseline/outputs/factor_evaluation_v4/alpha158_first20_smoke/qlib_eval/alpha158_ROC20
first20_v4,first20,qlib_eval,alpha158_ROC30,pass,4,0,E:/qlib_prj/qlib_baseline/outputs/factor_evaluation_v4/alpha158_first20_smoke/qlib_eval/alpha158_ROC30
first20_v4,first20,qlib_eval,alpha158_ROC60,pass,4,0,E:/qlib_prj/qlib_baseline/outputs/factor_evaluation_v4/alpha158_first20_smoke/qlib_eval/alpha158_ROC60
first20_v4,first20,qlib_eval,alpha158_MA5,pass,4,0,E:/qlib_prj/qlib_baseline/outputs/factor_evaluation_v4/alpha158_first20_smoke/qlib_eval/alpha158_MA5
first20_v4,first20,qlib_eval,alpha158_MA10,pass,4,0,E:/qlib_prj/qlib_baseline/outputs/factor_evaluation_v4/alpha158_first20_smoke/qlib_eval/alpha158_MA10
batch_001,remaining138,alphalens_reloaded,alpha158_MA20,pass,8,0,E:/qlib_prj/qlib_baseline/outputs/factor_evaluation_batch_v1/alpha158_remaining138/runs/batch_001/alphalens_reloaded/alpha158_MA20
batch_001,remaining138,alphalens_reloaded,alpha158_MA30,pass,8,0,E:/qlib_prj/qlib_baseline/outputs/factor_evaluation_batch_v1/alpha158_remaining138/runs/batch_001/alphalens_reloaded/alpha158_MA30
batch_001,remaining138,alphalens_reloaded,alpha158_MA60,pass,8,0,E:/qlib_prj/qlib_baseline/outputs/factor_evaluation_batch_v1/alpha158_remaining138/runs/batch_001/alphalens_reloaded/alpha158_MA60
batch_001,remaining138,alphalens_reloaded,alpha158_STD5,pass,8,0,E:/qlib_prj/qlib_baseline/outputs/factor_evaluation_batch_v1/alpha158_remaining138/runs/batch_001/alphalens_reloaded/alpha158_STD5
batch_001,remaining138,alphalens_reloaded,alpha158_STD10,pass,8,0,E:/qlib_prj/qlib_baseline/outputs/factor_evaluation_batch_v1/alpha158_remaining138/runs/batch_001/alphalens_reloaded/alpha158_STD10
batch_001,remaining138,alphalens_reloaded,alpha158_STD20,pass,8,0,E:/qlib_prj/qlib_baseline/outputs/factor_evaluation_batch_v1/alpha158_remaining138/runs/batch_001/alphalens_reloaded/alpha158_STD20
batch_001,remaining138,alphalens_reloaded,alpha158_STD30,pass,8,0,E:/qlib_prj/qlib_baseline/outputs/factor_evaluation_batch_v1/alpha158_remaining138/runs/batch_001/alphalens_reloaded/alpha158_STD30
batch_001,remaining138,alphalens_reloaded,alpha158_STD60,pass,8,0,E:/qlib_prj/qlib_baseline/outputs/factor_evaluation_batch_v1/alpha158_remaining138/runs/batch_001/alphalens_reloaded/alpha158_STD60
batch_001,remaining138,alphalens_reloaded,alpha158_BETA5,pass,8,0,E:/qlib_prj/qlib_baseline/outputs/factor_evaluation_batch_v1/alpha158_remaining138/runs/batch_001/alphalens_reloaded/alpha158_BETA5
batch_001,remaining138,alphalens_reloaded,alpha158_BETA10,pass,8,0,E:/qlib_prj/qlib_baseline/outputs/factor_evaluation_batch_v1/alpha158_remaining138/runs/batch_001/alphalens_reloaded/alpha158_BETA10
batch_001,remaining138,jqfactor_analyzer,alpha158_MA20,partial_pass,5,2,E:/qlib_prj/qlib_baseline/outputs/factor_evaluation_batch_v1/alpha158_remaining138/runs/batch_001/jqfactor_analyzer/alpha158_MA20
batch_001,remaining138,jqfactor_analyzer,alpha158_MA30,partial_pass,5,2,E:/qlib_prj/qlib_baseline/outputs/factor_evaluation_batch_v1/alpha158_remaining138/runs/batch_001/jqfactor_analyzer/alpha158_MA30
batch_001,remaining138,jqfactor_analyzer,alpha158_MA60,partial_pass,5,2,E:/qlib_prj/qlib_baseline/outputs/factor_evaluation_batch_v1/alpha158_remaining138/runs/batch_001/jqfactor_analyzer/alpha158_MA60
batch_001,remaining138,jqfactor_analyzer,alpha158_STD5,partial_pass,5,2,E:/qlib_prj/qlib_baseline/outputs/factor_evaluation_batch_v1/alpha158_remaining138/runs/batch_001/jqfactor_analyzer/alpha158_STD5
batch_001,remaining138,jqfactor_analyzer,alpha158_STD10,partial_pass,5,2,E:/qlib_prj/qlib_baseline/outputs/factor_evaluation_batch_v1/alpha158_remaining138/runs/batch_001/jqfactor_analyzer/alpha158_STD10
batch_001,remaining138,jqfactor_analyzer,alpha158_STD20,partial_pass,5,2,E:/qlib_prj/qlib_baseline/outputs/factor_evaluation_batch_v1/alpha158_remaining138/runs/batch_001/jqfactor_analyzer/alpha158_STD20
batch_001,remaining138,jqfactor_analyzer,alpha158_STD30,partial_pass,5,2,E:/qlib_prj/qlib_baseline/outputs/factor_evaluation_batch_v1/alpha158_remaining138/runs/batch_001/jqfactor_analyzer/alpha158_STD30
batch_001,remaining138,jqfactor_analyzer,alpha158_STD60,partial_pass,5,2,E:/qlib_prj/qlib_baseline/outputs/factor_evaluation_batch_v1/alpha158_remaining138/runs/batch_001/jqfactor_analyzer/alpha158_STD60
batch_001,remaining138,jqfactor_analyzer,alpha158_BETA5,partial_pass,5,2,E:/qlib_prj/qlib_baseline/outputs/factor_evaluation_batch_v1/alpha158_remaining138/runs/batch_001/jqfactor_analyzer/alpha158_BETA5
batch_001,remaining138,jqfactor_analyzer,alpha158_BETA10,partial_pass,5,2,E:/qlib_prj/qlib_baseline/outputs/factor_evaluation_batch_v1/alpha158_remaining138/runs/batch_001/jqfactor_analyzer/alpha158_BETA10
batch_001,remaining138,qlib_eval,alpha158_MA20,pass,4,0,E:/qlib_prj/qlib_baseline/outputs/factor_evaluation_batch_v1/alpha158_remaining138/runs/batch_001/qlib_eval/alpha158_MA20
batch_001,remaining138,qlib_eval,alpha158_MA30,pass,4,0,E:/qlib_prj/qlib_baseline/outputs/factor_evaluation_batch_v1/alpha158_remaining138/runs/batch_001/qlib_eval/alpha158_MA30
batch_001,remaining138,qlib_eval,alpha158_MA60,pass,4,0,E:/qlib_prj/qlib_baseline/outputs/factor_evaluation_batch_v1/alpha158_remaining138/runs/batch_001/qlib_eval/alpha158_MA60
batch_001,remaining138,qlib_eval,alpha158_STD5,pass,4,0,E:/qlib_prj/qlib_baseline/outputs/factor_evaluation_batch_v1/alpha158_remaining138/runs/batch_001/qlib_eval/alpha158_STD5
batch_001,remaining138,qlib_eval,alpha158_STD10,pass,4,0,E:/qlib_prj/qlib_baseline/outputs/factor_evaluation_batch_v1/alpha158_remaining138/runs/batch_001/qlib_eval/alpha158_STD10
batch_001,remaining138,qlib_eval,alpha158_STD20,pass,4,0,E:/qlib_prj/qlib_baseline/outputs/factor_evaluation_batch_v1/alpha158_remaining138/runs/batch_001/qlib_eval/alpha158_STD20
batch_001,remaining138,qlib_eval,alpha158_STD30,pass,4,0,E:/qlib_prj/qlib_baseline/outputs/factor_evaluation_batch_v1/alpha158_remaining138/runs/batch_001/qlib_eval/alpha158_STD30
batch_001,remaining138,qlib_eval,alpha158_STD60,pass,4,0,E:/qlib_prj/qlib_baseline/outputs/factor_evaluation_batch_v1/alpha158_remaining138/runs/batch_001/qlib_eval/alpha158_STD60
batch_001,remaining138,qlib_eval,alpha158_BETA5,pass,4,0,E:/qlib_prj/qlib_baseline/outputs/factor_evaluation_batch_v1/alpha158_remaining138/runs/batch_001/qlib_eval/alpha158_BETA5
batch_001,remaining138,qlib_eval,alpha158_BETA10,pass,4,0,E:/qlib_prj/qlib_baseline/outputs/factor_evaluation_batch_v1/alpha158_remaining138/runs/batch_001/qlib_eval/alpha158_BETA10
batch_002,remaining138,alphalens_reloaded,alpha158_BETA20,pass,8,0,E:/qlib_prj/qlib_baseline/outputs/factor_evaluation_batch_v1/alpha158_remaining138/runs/batch_002/alphalens_reloaded/alpha158_BETA20
batch_002,remaining138,alphalens_reloaded,alpha158_BETA30,pass,8,0,E:/qlib_prj/qlib_baseline/outputs/factor_evaluation_batch_v1/alpha158_remaining138/runs/batch_002/alphalens_reloaded/alpha158_BETA30
batch_002,remaining138,alphalens_reloaded,alpha158_BETA60,pass,8,0,E:/qlib_prj/qlib_baseline/outputs/factor_evaluation_batch_v1/alpha158_remaining138/runs/batch_002/alphalens_reloaded/alpha158_BETA60
batch_002,remaining138,alphalens_reloaded,alpha158_RSQR5,pass,8,0,E:/qlib_prj/qlib_baseline/outputs/factor_evaluation_batch_v1/alpha158_remaining138/runs/batch_002/alphalens_reloaded/alpha158_RSQR5
batch_002,remaining138,alphalens_reloaded,alpha158_RSQR10,pass,8,0,E:/qlib_prj/qlib_baseline/outputs/factor_evaluation_batch_v1/alpha158_remaining138/runs/batch_002/alphalens_reloaded/alpha158_RSQR10
batch_002,remaining138,alphalens_reloaded,alpha158_RSQR20,pass,8,0,E:/qlib_prj/qlib_baseline/outputs/factor_evaluation_batch_v1/alpha158_remaining138/runs/batch_002/alphalens_reloaded/alpha158_RSQR20
batch_002,remaining138,alphalens_reloaded,alpha158_RSQR30,pass,8,0,E:/qlib_prj/qlib_baseline/outputs/factor_evaluation_batch_v1/alpha158_remaining138/runs/batch_002/alphalens_reloaded/alpha158_RSQR30
batch_002,remaining138,alphalens_reloaded,alpha158_RSQR60,pass,8,0,E:/qlib_prj/qlib_baseline/outputs/factor_evaluation_batch_v1/alpha158_remaining138/runs/batch_002/alphalens_reloaded/alpha158_RSQR60
batch_002,remaining138,alphalens_reloaded,alpha158_RESI5,pass,8,0,E:/qlib_prj/qlib_baseline/outputs/factor_evaluation_batch_v1/alpha158_remaining138/runs/batch_002/alphalens_reloaded/alpha158_RESI5
batch_002,remaining138,alphalens_reloaded,alpha158_RESI10,pass,8,0,E:/qlib_prj/qlib_baseline/outputs/factor_evaluation_batch_v1/alpha158_remaining138/runs/batch_002/alphalens_reloaded/alpha158_RESI10
batch_002,remaining138,jqfactor_analyzer,alpha158_BETA20,partial_pass,5,2,E:/qlib_prj/qlib_baseline/outputs/factor_evaluation_batch_v1/alpha158_remaining138/runs/batch_002/jqfactor_analyzer/alpha158_BETA20
batch_002,remaining138,jqfactor_analyzer,alpha158_BETA30,partial_pass,5,2,E:/qlib_prj/qlib_baseline/outputs/factor_evaluation_batch_v1/alpha158_remaining138/runs/batch_002/jqfactor_analyzer/alpha158_BETA30
batch_002,remaining138,jqfactor_analyzer,alpha158_BETA60,partial_pass,5,2,E:/qlib_prj/qlib_baseline/outputs/factor_evaluation_batch_v1/alpha158_remaining138/runs/batch_002/jqfactor_analyzer/alpha158_BETA60
batch_002,remaining138,jqfactor_analyzer,alpha158_RSQR5,partial_pass,5,2,E:/qlib_prj/qlib_baseline/outputs/factor_evaluation_batch_v1/alpha158_remaining138/runs/batch_002/jqfactor_analyzer/alpha158_RSQR5
batch_002,remaining138,jqfactor_analyzer,alpha158_RSQR10,partial_pass,5,2,E:/qlib_prj/qlib_baseline/outputs/factor_evaluation_batch_v1/alpha158_remaining138/runs/batch_002/jqfactor_analyzer/alpha158_RSQR10
batch_002,remaining138,jqfactor_analyzer,alpha158_RSQR20,partial_pass,5,2,E:/qlib_prj/qlib_baseline/outputs/factor_evaluation_batch_v1/alpha158_remaining138/runs/batch_002/jqfactor_analyzer/alpha158_RSQR20
batch_002,remaining138,jqfactor_analyzer,alpha158_RSQR30,partial_pass,5,2,E:/qlib_prj/qlib_baseline/outputs/factor_evaluation_batch_v1/alpha158_remaining138/runs/batch_002/jqfactor_analyzer/alpha158_RSQR30
batch_002,remaining138,jqfactor_analyzer,alpha158_RSQR60,partial_pass,5,2,E:/qlib_prj/qlib_baseline/outputs/factor_evaluation_batch_v1/alpha158_remaining138/runs/batch_002/jqfactor_analyzer/alpha158_RSQR60
batch_002,remaining138,jqfactor_analyzer,alpha158_RESI5,partial_pass,5,2,E:/qlib_prj/qlib_baseline/outputs/factor_evaluation_batch_v1/alpha158_remaining138/runs/batch_002/jqfactor_analyzer/alpha158_RESI5
batch_002,remaining138,jqfactor_analyzer,alpha158_RESI10,partial_pass,5,2,E:/qlib_prj/qlib_baseline/outputs/factor_evaluation_batch_v1/alpha158_remaining138/runs/batch_002/jqfactor_analyzer/alpha158_RESI10
batch_002,remaining138,qlib_eval,alpha158_BETA20,pass,4,0,E:/qlib_prj/qlib_baseline/outputs/factor_evaluation_batch_v1/alpha158_remaining138/runs/batch_002/qlib_eval/alpha158_BETA20
batch_002,remaining138,qlib_eval,alpha158_BETA30,pass,4,0,E:/qlib_prj/qlib_baseline/outputs/factor_evaluation_batch_v1/alpha158_remaining138/runs/batch_002/qlib_eval/alpha158_BETA30
batch_002,remaining138,qlib_eval,alpha158_BETA60,pass,4,0,E:/qlib_prj/qlib_baseline/outputs/factor_evaluation_batch_v1/alpha158_remaining138/runs/batch_002/qlib_eval/alpha158_BETA60
batch_002,remaining138,qlib_eval,alpha158_RSQR5,pass,4,0,E:/qlib_prj/qlib_baseline/outputs/factor_evaluation_batch_v1/alpha158_remaining138/runs/batch_002/qlib_eval/alpha158_RSQR5
batch_002,remaining138,qlib_eval,alpha158_RSQR10,pass,4,0,E:/qlib_prj/qlib_baseline/outputs/factor_evaluation_batch_v1/alpha158_remaining138/runs/batch_002/qlib_eval/alpha158_RSQR10
batch_002,remaining138,qlib_eval,alpha158_RSQR20,pass,4,0,E:/qlib_prj/qlib_baseline/outputs/factor_evaluation_batch_v1/alpha158_remaining138/runs/batch_002/qlib_eval/alpha158_RSQR20
batch_002,remaining138,qlib_eval,alpha158_RSQR30,pass,4,0,E:/qlib_prj/qlib_baseline/outputs/factor_evaluation_batch_v1/alpha158_remaining138/runs/batch_002/qlib_eval/alpha158_RSQR30
batch_002,remaining138,qlib_eval,alpha158_RSQR60,pass,4,0,E:/qlib_prj/qlib_baseline/outputs/factor_evaluation_batch_v1/alpha158_remaining138/runs/batch_002/qlib_eval/alpha158_RSQR60
batch_002,remaining138,qlib_eval,alpha158_RESI5,pass,4,0,E:/qlib_prj/qlib_baseline/outputs/factor_evaluation_batch_v1/alpha158_remaining138/runs/batch_002/qlib_eval/alpha158_RESI5
batch_002,remaining138,qlib_eval,alpha158_RESI10,pass,4,0,E:/qlib_prj/qlib_baseline/outputs/factor_evaluation_batch_v1/alpha158_remaining138/runs/batch_002/qlib_eval/alpha158_RESI10
batch_003,remaining138,alphalens_reloaded,alpha158_RESI20,pass,8,0,E:/qlib_prj/qlib_baseline/outputs/factor_evaluation_batch_v1/alpha158_remaining138/runs/batch_003/alphalens_reloaded/alpha158_RESI20
batch_003,remaining138,alphalens_reloaded,alpha158_RESI30,pass,8,0,E:/qlib_prj/qlib_baseline/outputs/factor_evaluation_batch_v1/alpha158_remaining138/runs/batch_003/alphalens_reloaded/alpha158_RESI30
batch_003,remaining138,alphalens_reloaded,alpha158_RESI60,pass,8,0,E:/qlib_prj/qlib_baseline/outputs/factor_evaluation_batch_v1/alpha158_remaining138/runs/batch_003/alphalens_reloaded/alpha158_RESI60
batch_003,remaining138,alphalens_reloaded,alpha158_MAX5,pass,8,0,E:/qlib_prj/qlib_baseline/outputs/factor_evaluation_batch_v1/alpha158_remaining138/runs/batch_003/alphalens_reloaded/alpha158_MAX5
batch_003,remaining138,alphalens_reloaded,alpha158_MAX10,pass,8,0,E:/qlib_prj/qlib_baseline/outputs/factor_evaluation_batch_v1/alpha158_remaining138/runs/batch_003/alphalens_reloaded/alpha158_MAX10
batch_003,remaining138,alphalens_reloaded,alpha158_MAX20,pass,8,0,E:/qlib_prj/qlib_baseline/outputs/factor_evaluation_batch_v1/alpha158_remaining138/runs/batch_003/alphalens_reloaded/alpha158_MAX20
batch_003,remaining138,alphalens_reloaded,alpha158_MAX30,pass,8,0,E:/qlib_prj/qlib_baseline/outputs/factor_evaluation_batch_v1/alpha158_remaining138/runs/batch_003/alphalens_reloaded/alpha158_MAX30
batch_003,remaining138,alphalens_reloaded,alpha158_MAX60,pass,8,0,E:/qlib_prj/qlib_baseline/outputs/factor_evaluation_batch_v1/alpha158_remaining138/runs/batch_003/alphalens_reloaded/alpha158_MAX60
batch_003,remaining138,alphalens_reloaded,alpha158_MIN5,pass,8,0,E:/qlib_prj/qlib_baseline/outputs/factor_evaluation_batch_v1/alpha158_remaining138/runs/batch_003/alphalens_reloaded/alpha158_MIN5
batch_003,remaining138,alphalens_reloaded,alpha158_MIN10,pass,8,0,E:/qlib_prj/qlib_baseline/outputs/factor_evaluation_batch_v1/alpha158_remaining138/runs/batch_003/alphalens_reloaded/alpha158_MIN10
batch_003,remaining138,jqfactor_analyzer,alpha158_RESI20,partial_pass,5,2,E:/qlib_prj/qlib_baseline/outputs/factor_evaluation_batch_v1/alpha158_remaining138/runs/batch_003/jqfactor_analyzer/alpha158_RESI20
batch_003,remaining138,jqfactor_analyzer,alpha158_RESI30,partial_pass,5,2,E:/qlib_prj/qlib_baseline/outputs/factor_evaluation_batch_v1/alpha158_remaining138/runs/batch_003/jqfactor_analyzer/alpha158_RESI30
batch_003,remaining138,jqfactor_analyzer,alpha158_RESI60,partial_pass,5,2,E:/qlib_prj/qlib_baseline/outputs/factor_evaluation_batch_v1/alpha158_remaining138/runs/batch_003/jqfactor_analyzer/alpha158_RESI60
batch_003,remaining138,jqfactor_analyzer,alpha158_MAX5,partial_pass,5,2,E:/qlib_prj/qlib_baseline/outputs/factor_evaluation_batch_v1/alpha158_remaining138/runs/batch_003/jqfactor_analyzer/alpha158_MAX5
batch_003,remaining138,jqfactor_analyzer,alpha158_MAX10,partial_pass,5,2,E:/qlib_prj/qlib_baseline/outputs/factor_evaluation_batch_v1/alpha158_remaining138/runs/batch_003/jqfactor_analyzer/alpha158_MAX10
batch_003,remaining138,jqfactor_analyzer,alpha158_MAX20,partial_pass,5,2,E:/qlib_prj/qlib_baseline/outputs/factor_evaluation_batch_v1/alpha158_remaining138/runs/batch_003/jqfactor_analyzer/alpha158_MAX20
batch_003,remaining138,jqfactor_analyzer,alpha158_MAX30,partial_pass,5,2,E:/qlib_prj/qlib_baseline/outputs/factor_evaluation_batch_v1/alpha158_remaining138/runs/batch_003/jqfactor_analyzer/alpha158_MAX30
batch_003,remaining138,jqfactor_analyzer,alpha158_MAX60,partial_pass,5,2,E:/qlib_prj/qlib_baseline/outputs/factor_evaluation_batch_v1/alpha158_remaining138/runs/batch_003/jqfactor_analyzer/alpha158_MAX60
batch_003,remaining138,jqfactor_analyzer,alpha158_MIN5,partial_pass,5,2,E:/qlib_prj/qlib_baseline/outputs/factor_evaluation_batch_v1/alpha158_remaining138/runs/batch_003/jqfactor_analyzer/alpha158_MIN5
batch_003,remaining138,jqfactor_analyzer,alpha158_MIN10,partial_pass,5,2,E:/qlib_prj/qlib_baseline/outputs/factor_evaluation_batch_v1/alpha158_remaining138/runs/batch_003/jqfactor_analyzer/alpha158_MIN10
batch_003,remaining138,qlib_eval,alpha158_RESI20,pass,4,0,E:/qlib_prj/qlib_baseline/outputs/factor_evaluation_batch_v1/alpha158_remaining138/runs/batch_003/qlib_eval/alpha158_RESI20
batch_003,remaining138,qlib_eval,alpha158_RESI30,pass,4,0,E:/qlib_prj/qlib_baseline/outputs/factor_evaluation_batch_v1/alpha158_remaining138/runs/batch_003/qlib_eval/alpha158_RESI30
batch_003,remaining138,qlib_eval,alpha158_RESI60,pass,4,0,E:/qlib_prj/qlib_baseline/outputs/factor_evaluation_batch_v1/alpha158_remaining138/runs/batch_003/qlib_eval/alpha158_RESI60
batch_003,remaining138,qlib_eval,alpha158_MAX5,pass,4,0,E:/qlib_prj/qlib_baseline/outputs/factor_evaluation_batch_v1/alpha158_remaining138/runs/batch_003/qlib_eval/alpha158_MAX5
batch_003,remaining138,qlib_eval,alpha158_MAX10,pass,4,0,E:/qlib_prj/qlib_baseline/outputs/factor_evaluation_batch_v1/alpha158_remaining138/runs/batch_003/qlib_eval/alpha158_MAX10
batch_003,remaining138,qlib_eval,alpha158_MAX20,pass,4,0,E:/qlib_prj/qlib_baseline/outputs/factor_evaluation_batch_v1/alpha158_remaining138/runs/batch_003/qlib_eval/alpha158_MAX20
batch_003,remaining138,qlib_eval,alpha158_MAX30,pass,4,0,E:/qlib_prj/qlib_baseline/outputs/factor_evaluation_batch_v1/alpha158_remaining138/runs/batch_003/qlib_eval/alpha158_MAX30
batch_003,remaining138,qlib_eval,alpha158_MAX60,pass,4,0,E:/qlib_prj/qlib_baseline/outputs/factor_evaluation_batch_v1/alpha158_remaining138/runs/batch_003/qlib_eval/alpha158_MAX60
batch_003,remaining138,qlib_eval,alpha158_MIN5,pass,4,0,E:/qlib_prj/qlib_baseline/outputs/factor_evaluation_batch_v1/alpha158_remaining138/runs/batch_003/qlib_eval/alpha158_MIN5
batch_003,remaining138,qlib_eval,alpha158_MIN10,pass,4,0,E:/qlib_prj/qlib_baseline/outputs/factor_evaluation_batch_v1/alpha158_remaining138/runs/batch_003/qlib_eval/alpha158_MIN10
batch_004,remaining138,alphalens_reloaded,alpha158_MIN20,pass,8,0,E:/qlib_prj/qlib_baseline/outputs/factor_evaluation_batch_v1/alpha158_remaining138/runs/batch_004/alphalens_reloaded/alpha158_MIN20
batch_004,remaining138,alphalens_reloaded,alpha158_MIN30,pass,8,0,E:/qlib_prj/qlib_baseline/outputs/factor_evaluation_batch_v1/alpha158_remaining138/runs/batch_004/alphalens_reloaded/alpha158_MIN30
batch_004,remaining138,alphalens_reloaded,alpha158_MIN60,pass,8,0,E:/qlib_prj/qlib_baseline/outputs/factor_evaluation_batch_v1/alpha158_remaining138/runs/batch_004/alphalens_reloaded/alpha158_MIN60
batch_004,remaining138,alphalens_reloaded,alpha158_QTLU5,pass,8,0,E:/qlib_prj/qlib_baseline/outputs/factor_evaluation_batch_v1/alpha158_remaining138/runs/batch_004/alphalens_reloaded/alpha158_QTLU5
batch_004,remaining138,alphalens_reloaded,alpha158_QTLU10,pass,8,0,E:/qlib_prj/qlib_baseline/outputs/factor_evaluation_batch_v1/alpha158_remaining138/runs/batch_004/alphalens_reloaded/alpha158_QTLU10
batch_004,remaining138,alphalens_reloaded,alpha158_QTLU20,pass,8,0,E:/qlib_prj/qlib_baseline/outputs/factor_evaluation_batch_v1/alpha158_remaining138/runs/batch_004/alphalens_reloaded/alpha158_QTLU20
batch_004,remaining138,alphalens_reloaded,alpha158_QTLU30,pass,8,0,E:/qlib_prj/qlib_baseline/outputs/factor_evaluation_batch_v1/alpha158_remaining138/runs/batch_004/alphalens_reloaded/alpha158_QTLU30
batch_004,remaining138,alphalens_reloaded,alpha158_QTLU60,pass,8,0,E:/qlib_prj/qlib_baseline/outputs/factor_evaluation_batch_v1/alpha158_remaining138/runs/batch_004/alphalens_reloaded/alpha158_QTLU60
batch_004,remaining138,alphalens_reloaded,alpha158_QTLD5,pass,8,0,E:/qlib_prj/qlib_baseline/outputs/factor_evaluation_batch_v1/alpha158_remaining138/runs/batch_004/alphalens_reloaded/alpha158_QTLD5
batch_004,remaining138,alphalens_reloaded,alpha158_QTLD10,pass,8,0,E:/qlib_prj/qlib_baseline/outputs/factor_evaluation_batch_v1/alpha158_remaining138/runs/batch_004/alphalens_reloaded/alpha158_QTLD10
batch_004,remaining138,jqfactor_analyzer,alpha158_MIN20,partial_pass,5,2,E:/qlib_prj/qlib_baseline/outputs/factor_evaluation_batch_v1/alpha158_remaining138/runs/batch_004/jqfactor_analyzer/alpha158_MIN20
batch_004,remaining138,jqfactor_analyzer,alpha158_MIN30,partial_pass,5,2,E:/qlib_prj/qlib_baseline/outputs/factor_evaluation_batch_v1/alpha158_remaining138/runs/batch_004/jqfactor_analyzer/alpha158_MIN30
batch_004,remaining138,jqfactor_analyzer,alpha158_MIN60,partial_pass,5,2,E:/qlib_prj/qlib_baseline/outputs/factor_evaluation_batch_v1/alpha158_remaining138/runs/batch_004/jqfactor_analyzer/alpha158_MIN60
batch_004,remaining138,jqfactor_analyzer,alpha158_QTLU5,partial_pass,5,2,E:/qlib_prj/qlib_baseline/outputs/factor_evaluation_batch_v1/alpha158_remaining138/runs/batch_004/jqfactor_analyzer/alpha158_QTLU5
batch_004,remaining138,jqfactor_analyzer,alpha158_QTLU10,partial_pass,5,2,E:/qlib_prj/qlib_baseline/outputs/factor_evaluation_batch_v1/alpha158_remaining138/runs/batch_004/jqfactor_analyzer/alpha158_QTLU10
batch_004,remaining138,jqfactor_analyzer,alpha158_QTLU20,partial_pass,5,2,E:/qlib_prj/qlib_baseline/outputs/factor_evaluation_batch_v1/alpha158_remaining138/runs/batch_004/jqfactor_analyzer/alpha158_QTLU20
batch_004,remaining138,jqfactor_analyzer,alpha158_QTLU30,partial_pass,5,2,E:/qlib_prj/qlib_baseline/outputs/factor_evaluation_batch_v1/alpha158_remaining138/runs/batch_004/jqfactor_analyzer/alpha158_QTLU30
batch_004,remaining138,jqfactor_analyzer,alpha158_QTLU60,partial_pass,5,2,E:/qlib_prj/qlib_baseline/outputs/factor_evaluation_batch_v1/alpha158_remaining138/runs/batch_004/jqfactor_analyzer/alpha158_QTLU60
batch_004,remaining138,jqfactor_analyzer,alpha158_QTLD5,partial_pass,5,2,E:/qlib_prj/qlib_baseline/outputs/factor_evaluation_batch_v1/alpha158_remaining138/runs/batch_004/jqfactor_analyzer/alpha158_QTLD5
batch_004,remaining138,jqfactor_analyzer,alpha158_QTLD10,partial_pass,5,2,E:/qlib_prj/qlib_baseline/outputs/factor_evaluation_batch_v1/alpha158_remaining138/runs/batch_004/jqfactor_analyzer/alpha158_QTLD10
batch_004,remaining138,qlib_eval,alpha158_MIN20,pass,4,0,E:/qlib_prj/qlib_baseline/outputs/factor_evaluation_batch_v1/alpha158_remaining138/runs/batch_004/qlib_eval/alpha158_MIN20
batch_004,remaining138,qlib_eval,alpha158_MIN30,pass,4,0,E:/qlib_prj/qlib_baseline/outputs/factor_evaluation_batch_v1/alpha158_remaining138/runs/batch_004/qlib_eval/alpha158_MIN30
batch_004,remaining138,qlib_eval,alpha158_MIN60,pass,4,0,E:/qlib_prj/qlib_baseline/outputs/factor_evaluation_batch_v1/alpha158_remaining138/runs/batch_004/qlib_eval/alpha158_MIN60
batch_004,remaining138,qlib_eval,alpha158_QTLU5,pass,4,0,E:/qlib_prj/qlib_baseline/outputs/factor_evaluation_batch_v1/alpha158_remaining138/runs/batch_004/qlib_eval/alpha158_QTLU5
batch_004,remaining138,qlib_eval,alpha158_QTLU10,pass,4,0,E:/qlib_prj/qlib_baseline/outputs/factor_evaluation_batch_v1/alpha158_remaining138/runs/batch_004/qlib_eval/alpha158_QTLU10
batch_004,remaining138,qlib_eval,alpha158_QTLU20,pass,4,0,E:/qlib_prj/qlib_baseline/outputs/factor_evaluation_batch_v1/alpha158_remaining138/runs/batch_004/qlib_eval/alpha158_QTLU20
batch_004,remaining138,qlib_eval,alpha158_QTLU30,pass,4,0,E:/qlib_prj/qlib_baseline/outputs/factor_evaluation_batch_v1/alpha158_remaining138/runs/batch_004/qlib_eval/alpha158_QTLU30
batch_004,remaining138,qlib_eval,alpha158_QTLU60,pass,4,0,E:/qlib_prj/qlib_baseline/outputs/factor_evaluation_batch_v1/alpha158_remaining138/runs/batch_004/qlib_eval/alpha158_QTLU60
batch_004,remaining138,qlib_eval,alpha158_QTLD5,pass,4,0,E:/qlib_prj/qlib_baseline/outputs/factor_evaluation_batch_v1/alpha158_remaining138/runs/batch_004/qlib_eval/alpha158_QTLD5
batch_004,remaining138,qlib_eval,alpha158_QTLD10,pass,4,0,E:/qlib_prj/qlib_baseline/outputs/factor_evaluation_batch_v1/alpha158_remaining138/runs/batch_004/qlib_eval/alpha158_QTLD10
batch_005,remaining138,alphalens_reloaded,alpha158_QTLD20,pass,8,0,E:/qlib_prj/qlib_baseline/outputs/factor_evaluation_batch_v1/alpha158_remaining138/runs/batch_005/alphalens_reloaded/alpha158_QTLD20
batch_005,remaining138,alphalens_reloaded,alpha158_QTLD30,pass,8,0,E:/qlib_prj/qlib_baseline/outputs/factor_evaluation_batch_v1/alpha158_remaining138/runs/batch_005/alphalens_reloaded/alpha158_QTLD30
batch_005,remaining138,alphalens_reloaded,alpha158_QTLD60,pass,8,0,E:/qlib_prj/qlib_baseline/outputs/factor_evaluation_batch_v1/alpha158_remaining138/runs/batch_005/alphalens_reloaded/alpha158_QTLD60
batch_005,remaining138,alphalens_reloaded,alpha158_RANK5,partial_pass,7,1,E:/qlib_prj/qlib_baseline/outputs/factor_evaluation_batch_v1/alpha158_remaining138/runs/batch_005/alphalens_reloaded/alpha158_RANK5
batch_005,remaining138,alphalens_reloaded,alpha158_RANK10,pass,8,0,E:/qlib_prj/qlib_baseline/outputs/factor_evaluation_batch_v1/alpha158_remaining138/runs/batch_005/alphalens_reloaded/alpha158_RANK10
batch_005,remaining138,alphalens_reloaded,alpha158_RANK20,pass,8,0,E:/qlib_prj/qlib_baseline/outputs/factor_evaluation_batch_v1/alpha158_remaining138/runs/batch_005/alphalens_reloaded/alpha158_RANK20
batch_005,remaining138,alphalens_reloaded,alpha158_RANK30,pass,8,0,E:/qlib_prj/qlib_baseline/outputs/factor_evaluation_batch_v1/alpha158_remaining138/runs/batch_005/alphalens_reloaded/alpha158_RANK30
batch_005,remaining138,alphalens_reloaded,alpha158_RANK60,pass,8,0,E:/qlib_prj/qlib_baseline/outputs/factor_evaluation_batch_v1/alpha158_remaining138/runs/batch_005/alphalens_reloaded/alpha158_RANK60
batch_005,remaining138,alphalens_reloaded,alpha158_RSV5,pass,8,0,E:/qlib_prj/qlib_baseline/outputs/factor_evaluation_batch_v1/alpha158_remaining138/runs/batch_005/alphalens_reloaded/alpha158_RSV5
batch_005,remaining138,alphalens_reloaded,alpha158_RSV10,pass,8,0,E:/qlib_prj/qlib_baseline/outputs/factor_evaluation_batch_v1/alpha158_remaining138/runs/batch_005/alphalens_reloaded/alpha158_RSV10
batch_005,remaining138,jqfactor_analyzer,alpha158_QTLD20,partial_pass,5,2,E:/qlib_prj/qlib_baseline/outputs/factor_evaluation_batch_v1/alpha158_remaining138/runs/batch_005/jqfactor_analyzer/alpha158_QTLD20
batch_005,remaining138,jqfactor_analyzer,alpha158_QTLD30,partial_pass,5,2,E:/qlib_prj/qlib_baseline/outputs/factor_evaluation_batch_v1/alpha158_remaining138/runs/batch_005/jqfactor_analyzer/alpha158_QTLD30
batch_005,remaining138,jqfactor_analyzer,alpha158_QTLD60,partial_pass,5,2,E:/qlib_prj/qlib_baseline/outputs/factor_evaluation_batch_v1/alpha158_remaining138/runs/batch_005/jqfactor_analyzer/alpha158_QTLD60
batch_005,remaining138,jqfactor_analyzer,alpha158_RANK5,partial_pass,5,2,E:/qlib_prj/qlib_baseline/outputs/factor_evaluation_batch_v1/alpha158_remaining138/runs/batch_005/jqfactor_analyzer/alpha158_RANK5
batch_005,remaining138,jqfactor_analyzer,alpha158_RANK10,partial_pass,5,2,E:/qlib_prj/qlib_baseline/outputs/factor_evaluation_batch_v1/alpha158_remaining138/runs/batch_005/jqfactor_analyzer/alpha158_RANK10
batch_005,remaining138,jqfactor_analyzer,alpha158_RANK20,partial_pass,5,2,E:/qlib_prj/qlib_baseline/outputs/factor_evaluation_batch_v1/alpha158_remaining138/runs/batch_005/jqfactor_analyzer/alpha158_RANK20
batch_005,remaining138,jqfactor_analyzer,alpha158_RANK30,partial_pass,5,2,E:/qlib_prj/qlib_baseline/outputs/factor_evaluation_batch_v1/alpha158_remaining138/runs/batch_005/jqfactor_analyzer/alpha158_RANK30
batch_005,remaining138,jqfactor_analyzer,alpha158_RANK60,partial_pass,5,2,E:/qlib_prj/qlib_baseline/outputs/factor_evaluation_batch_v1/alpha158_remaining138/runs/batch_005/jqfactor_analyzer/alpha158_RANK60
batch_005,remaining138,jqfactor_analyzer,alpha158_RSV5,partial_pass,5,2,E:/qlib_prj/qlib_baseline/outputs/factor_evaluation_batch_v1/alpha158_remaining138/runs/batch_005/jqfactor_analyzer/alpha158_RSV5
batch_005,remaining138,jqfactor_analyzer,alpha158_RSV10,partial_pass,5,2,E:/qlib_prj/qlib_baseline/outputs/factor_evaluation_batch_v1/alpha158_remaining138/runs/batch_005/jqfactor_analyzer/alpha158_RSV10
batch_005,remaining138,qlib_eval,alpha158_QTLD20,pass,4,0,E:/qlib_prj/qlib_baseline/outputs/factor_evaluation_batch_v1/alpha158_remaining138/runs/batch_005/qlib_eval/alpha158_QTLD20
batch_005,remaining138,qlib_eval,alpha158_QTLD30,pass,4,0,E:/qlib_prj/qlib_baseline/outputs/factor_evaluation_batch_v1/alpha158_remaining138/runs/batch_005/qlib_eval/alpha158_QTLD30
batch_005,remaining138,qlib_eval,alpha158_QTLD60,pass,4,0,E:/qlib_prj/qlib_baseline/outputs/factor_evaluation_batch_v1/alpha158_remaining138/runs/batch_005/qlib_eval/alpha158_QTLD60
batch_005,remaining138,qlib_eval,alpha158_RANK5,pass,4,0,E:/qlib_prj/qlib_baseline/outputs/factor_evaluation_batch_v1/alpha158_remaining138/runs/batch_005/qlib_eval/alpha158_RANK5
batch_005,remaining138,qlib_eval,alpha158_RANK10,pass,4,0,E:/qlib_prj/qlib_baseline/outputs/factor_evaluation_batch_v1/alpha158_remaining138/runs/batch_005/qlib_eval/alpha158_RANK10
batch_005,remaining138,qlib_eval,alpha158_RANK20,pass,4,0,E:/qlib_prj/qlib_baseline/outputs/factor_evaluation_batch_v1/alpha158_remaining138/runs/batch_005/qlib_eval/alpha158_RANK20
batch_005,remaining138,qlib_eval,alpha158_RANK30,pass,4,0,E:/qlib_prj/qlib_baseline/outputs/factor_evaluation_batch_v1/alpha158_remaining138/runs/batch_005/qlib_eval/alpha158_RANK30
batch_005,remaining138,qlib_eval,alpha158_RANK60,pass,4,0,E:/qlib_prj/qlib_baseline/outputs/factor_evaluation_batch_v1/alpha158_remaining138/runs/batch_005/qlib_eval/alpha158_RANK60
batch_005,remaining138,qlib_eval,alpha158_RSV5,pass,4,0,E:/qlib_prj/qlib_baseline/outputs/factor_evaluation_batch_v1/alpha158_remaining138/runs/batch_005/qlib_eval/alpha158_RSV5
batch_005,remaining138,qlib_eval,alpha158_RSV10,pass,4,0,E:/qlib_prj/qlib_baseline/outputs/factor_evaluation_batch_v1/alpha158_remaining138/runs/batch_005/qlib_eval/alpha158_RSV10
batch_006,remaining138,alphalens_reloaded,alpha158_RSV20,pass,8,0,E:/qlib_prj/qlib_baseline/outputs/factor_evaluation_batch_v1/alpha158_remaining138/runs/batch_006/alphalens_reloaded/alpha158_RSV20
batch_006,remaining138,alphalens_reloaded,alpha158_RSV30,pass,8,0,E:/qlib_prj/qlib_baseline/outputs/factor_evaluation_batch_v1/alpha158_remaining138/runs/batch_006/alphalens_reloaded/alpha158_RSV30
batch_006,remaining138,alphalens_reloaded,alpha158_RSV60,pass,8,0,E:/qlib_prj/qlib_baseline/outputs/factor_evaluation_batch_v1/alpha158_remaining138/runs/batch_006/alphalens_reloaded/alpha158_RSV60
batch_006,remaining138,alphalens_reloaded,alpha158_IMAX5,partial_pass,7,1,E:/qlib_prj/qlib_baseline/outputs/factor_evaluation_batch_v1/alpha158_remaining138/runs/batch_006/alphalens_reloaded/alpha158_IMAX5
batch_006,remaining138,alphalens_reloaded,alpha158_IMAX10,pass,8,0,E:/qlib_prj/qlib_baseline/outputs/factor_evaluation_batch_v1/alpha158_remaining138/runs/batch_006/alphalens_reloaded/alpha158_IMAX10
batch_006,remaining138,alphalens_reloaded,alpha158_IMAX20,pass,8,0,E:/qlib_prj/qlib_baseline/outputs/factor_evaluation_batch_v1/alpha158_remaining138/runs/batch_006/alphalens_reloaded/alpha158_IMAX20
batch_006,remaining138,alphalens_reloaded,alpha158_IMAX30,pass,8,0,E:/qlib_prj/qlib_baseline/outputs/factor_evaluation_batch_v1/alpha158_remaining138/runs/batch_006/alphalens_reloaded/alpha158_IMAX30
batch_006,remaining138,alphalens_reloaded,alpha158_IMAX60,pass,8,0,E:/qlib_prj/qlib_baseline/outputs/factor_evaluation_batch_v1/alpha158_remaining138/runs/batch_006/alphalens_reloaded/alpha158_IMAX60
batch_006,remaining138,alphalens_reloaded,alpha158_IMIN5,pass,8,0,E:/qlib_prj/qlib_baseline/outputs/factor_evaluation_batch_v1/alpha158_remaining138/runs/batch_006/alphalens_reloaded/alpha158_IMIN5
batch_006,remaining138,alphalens_reloaded,alpha158_IMIN10,pass,8,0,E:/qlib_prj/qlib_baseline/outputs/factor_evaluation_batch_v1/alpha158_remaining138/runs/batch_006/alphalens_reloaded/alpha158_IMIN10
batch_006,remaining138,jqfactor_analyzer,alpha158_RSV20,partial_pass,5,2,E:/qlib_prj/qlib_baseline/outputs/factor_evaluation_batch_v1/alpha158_remaining138/runs/batch_006/jqfactor_analyzer/alpha158_RSV20
batch_006,remaining138,jqfactor_analyzer,alpha158_RSV30,partial_pass,5,2,E:/qlib_prj/qlib_baseline/outputs/factor_evaluation_batch_v1/alpha158_remaining138/runs/batch_006/jqfactor_analyzer/alpha158_RSV30
batch_006,remaining138,jqfactor_analyzer,alpha158_RSV60,partial_pass,5,2,E:/qlib_prj/qlib_baseline/outputs/factor_evaluation_batch_v1/alpha158_remaining138/runs/batch_006/jqfactor_analyzer/alpha158_RSV60
batch_006,remaining138,jqfactor_analyzer,alpha158_IMAX5,partial_pass,5,2,E:/qlib_prj/qlib_baseline/outputs/factor_evaluation_batch_v1/alpha158_remaining138/runs/batch_006/jqfactor_analyzer/alpha158_IMAX5
batch_006,remaining138,jqfactor_analyzer,alpha158_IMAX10,partial_pass,5,2,E:/qlib_prj/qlib_baseline/outputs/factor_evaluation_batch_v1/alpha158_remaining138/runs/batch_006/jqfactor_analyzer/alpha158_IMAX10
batch_006,remaining138,jqfactor_analyzer,alpha158_IMAX20,partial_pass,5,2,E:/qlib_prj/qlib_baseline/outputs/factor_evaluation_batch_v1/alpha158_remaining138/runs/batch_006/jqfactor_analyzer/alpha158_IMAX20
batch_006,remaining138,jqfactor_analyzer,alpha158_IMAX30,partial_pass,5,2,E:/qlib_prj/qlib_baseline/outputs/factor_evaluation_batch_v1/alpha158_remaining138/runs/batch_006/jqfactor_analyzer/alpha158_IMAX30
batch_006,remaining138,jqfactor_analyzer,alpha158_IMAX60,partial_pass,5,2,E:/qlib_prj/qlib_baseline/outputs/factor_evaluation_batch_v1/alpha158_remaining138/runs/batch_006/jqfactor_analyzer/alpha158_IMAX60
batch_006,remaining138,jqfactor_analyzer,alpha158_IMIN5,partial_pass,5,2,E:/qlib_prj/qlib_baseline/outputs/factor_evaluation_batch_v1/alpha158_remaining138/runs/batch_006/jqfactor_analyzer/alpha158_IMIN5
batch_006,remaining138,jqfactor_analyzer,alpha158_IMIN10,partial_pass,5,2,E:/qlib_prj/qlib_baseline/outputs/factor_evaluation_batch_v1/alpha158_remaining138/runs/batch_006/jqfactor_analyzer/alpha158_IMIN10
batch_006,remaining138,qlib_eval,alpha158_RSV20,pass,4,0,E:/qlib_prj/qlib_baseline/outputs/factor_evaluation_batch_v1/alpha158_remaining138/runs/batch_006/qlib_eval/alpha158_RSV20
batch_006,remaining138,qlib_eval,alpha158_RSV30,pass,4,0,E:/qlib_prj/qlib_baseline/outputs/factor_evaluation_batch_v1/alpha158_remaining138/runs/batch_006/qlib_eval/alpha158_RSV30
batch_006,remaining138,qlib_eval,alpha158_RSV60,pass,4,0,E:/qlib_prj/qlib_baseline/outputs/factor_evaluation_batch_v1/alpha158_remaining138/runs/batch_006/qlib_eval/alpha158_RSV60
batch_006,remaining138,qlib_eval,alpha158_IMAX5,pass,4,0,E:/qlib_prj/qlib_baseline/outputs/factor_evaluation_batch_v1/alpha158_remaining138/runs/batch_006/qlib_eval/alpha158_IMAX5
batch_006,remaining138,qlib_eval,alpha158_IMAX10,pass,4,0,E:/qlib_prj/qlib_baseline/outputs/factor_evaluation_batch_v1/alpha158_remaining138/runs/batch_006/qlib_eval/alpha158_IMAX10
batch_006,remaining138,qlib_eval,alpha158_IMAX20,pass,4,0,E:/qlib_prj/qlib_baseline/outputs/factor_evaluation_batch_v1/alpha158_remaining138/runs/batch_006/qlib_eval/alpha158_IMAX20
batch_006,remaining138,qlib_eval,alpha158_IMAX30,pass,4,0,E:/qlib_prj/qlib_baseline/outputs/factor_evaluation_batch_v1/alpha158_remaining138/runs/batch_006/qlib_eval/alpha158_IMAX30
batch_006,remaining138,qlib_eval,alpha158_IMAX60,pass,4,0,E:/qlib_prj/qlib_baseline/outputs/factor_evaluation_batch_v1/alpha158_remaining138/runs/batch_006/qlib_eval/alpha158_IMAX60
batch_006,remaining138,qlib_eval,alpha158_IMIN5,pass,4,0,E:/qlib_prj/qlib_baseline/outputs/factor_evaluation_batch_v1/alpha158_remaining138/runs/batch_006/qlib_eval/alpha158_IMIN5
batch_006,remaining138,qlib_eval,alpha158_IMIN10,pass,4,0,E:/qlib_prj/qlib_baseline/outputs/factor_evaluation_batch_v1/alpha158_remaining138/runs/batch_006/qlib_eval/alpha158_IMIN10
batch_007,remaining138,alphalens_reloaded,alpha158_IMIN20,pass,8,0,E:/qlib_prj/qlib_baseline/outputs/factor_evaluation_batch_v1/alpha158_remaining138/runs/batch_007/alphalens_reloaded/alpha158_IMIN20
batch_007,remaining138,alphalens_reloaded,alpha158_IMIN30,pass,8,0,E:/qlib_prj/qlib_baseline/outputs/factor_evaluation_batch_v1/alpha158_remaining138/runs/batch_007/alphalens_reloaded/alpha158_IMIN30
batch_007,remaining138,alphalens_reloaded,alpha158_IMIN60,pass,8,0,E:/qlib_prj/qlib_baseline/outputs/factor_evaluation_batch_v1/alpha158_remaining138/runs/batch_007/alphalens_reloaded/alpha158_IMIN60
batch_007,remaining138,alphalens_reloaded,alpha158_IMXD5,pass,8,0,E:/qlib_prj/qlib_baseline/outputs/factor_evaluation_batch_v1/alpha158_remaining138/runs/batch_007/alphalens_reloaded/alpha158_IMXD5
batch_007,remaining138,alphalens_reloaded,alpha158_IMXD10,pass,8,0,E:/qlib_prj/qlib_baseline/outputs/factor_evaluation_batch_v1/alpha158_remaining138/runs/batch_007/alphalens_reloaded/alpha158_IMXD10
batch_007,remaining138,alphalens_reloaded,alpha158_IMXD20,pass,8,0,E:/qlib_prj/qlib_baseline/outputs/factor_evaluation_batch_v1/alpha158_remaining138/runs/batch_007/alphalens_reloaded/alpha158_IMXD20
batch_007,remaining138,alphalens_reloaded,alpha158_IMXD30,pass,8,0,E:/qlib_prj/qlib_baseline/outputs/factor_evaluation_batch_v1/alpha158_remaining138/runs/batch_007/alphalens_reloaded/alpha158_IMXD30
batch_007,remaining138,alphalens_reloaded,alpha158_IMXD60,pass,8,0,E:/qlib_prj/qlib_baseline/outputs/factor_evaluation_batch_v1/alpha158_remaining138/runs/batch_007/alphalens_reloaded/alpha158_IMXD60
batch_007,remaining138,alphalens_reloaded,alpha158_CORR5,pass,8,0,E:/qlib_prj/qlib_baseline/outputs/factor_evaluation_batch_v1/alpha158_remaining138/runs/batch_007/alphalens_reloaded/alpha158_CORR5
batch_007,remaining138,alphalens_reloaded,alpha158_CORR10,pass,8,0,E:/qlib_prj/qlib_baseline/outputs/factor_evaluation_batch_v1/alpha158_remaining138/runs/batch_007/alphalens_reloaded/alpha158_CORR10
batch_007,remaining138,jqfactor_analyzer,alpha158_IMIN20,partial_pass,5,2,E:/qlib_prj/qlib_baseline/outputs/factor_evaluation_batch_v1/alpha158_remaining138/runs/batch_007/jqfactor_analyzer/alpha158_IMIN20
batch_007,remaining138,jqfactor_analyzer,alpha158_IMIN30,partial_pass,5,2,E:/qlib_prj/qlib_baseline/outputs/factor_evaluation_batch_v1/alpha158_remaining138/runs/batch_007/jqfactor_analyzer/alpha158_IMIN30
batch_007,remaining138,jqfactor_analyzer,alpha158_IMIN60,partial_pass,5,2,E:/qlib_prj/qlib_baseline/outputs/factor_evaluation_batch_v1/alpha158_remaining138/runs/batch_007/jqfactor_analyzer/alpha158_IMIN60
batch_007,remaining138,jqfactor_analyzer,alpha158_IMXD5,partial_pass,5,2,E:/qlib_prj/qlib_baseline/outputs/factor_evaluation_batch_v1/alpha158_remaining138/runs/batch_007/jqfactor_analyzer/alpha158_IMXD5
batch_007,remaining138,jqfactor_analyzer,alpha158_IMXD10,partial_pass,5,2,E:/qlib_prj/qlib_baseline/outputs/factor_evaluation_batch_v1/alpha158_remaining138/runs/batch_007/jqfactor_analyzer/alpha158_IMXD10
batch_007,remaining138,jqfactor_analyzer,alpha158_IMXD20,partial_pass,5,2,E:/qlib_prj/qlib_baseline/outputs/factor_evaluation_batch_v1/alpha158_remaining138/runs/batch_007/jqfactor_analyzer/alpha158_IMXD20
batch_007,remaining138,jqfactor_analyzer,alpha158_IMXD30,partial_pass,5,2,E:/qlib_prj/qlib_baseline/outputs/factor_evaluation_batch_v1/alpha158_remaining138/runs/batch_007/jqfactor_analyzer/alpha158_IMXD30
batch_007,remaining138,jqfactor_analyzer,alpha158_IMXD60,partial_pass,5,2,E:/qlib_prj/qlib_baseline/outputs/factor_evaluation_batch_v1/alpha158_remaining138/runs/batch_007/jqfactor_analyzer/alpha158_IMXD60
batch_007,remaining138,jqfactor_analyzer,alpha158_CORR5,partial_pass,5,2,E:/qlib_prj/qlib_baseline/outputs/factor_evaluation_batch_v1/alpha158_remaining138/runs/batch_007/jqfactor_analyzer/alpha158_CORR5
batch_007,remaining138,jqfactor_analyzer,alpha158_CORR10,partial_pass,5,2,E:/qlib_prj/qlib_baseline/outputs/factor_evaluation_batch_v1/alpha158_remaining138/runs/batch_007/jqfactor_analyzer/alpha158_CORR10
batch_007,remaining138,qlib_eval,alpha158_IMIN20,pass,4,0,E:/qlib_prj/qlib_baseline/outputs/factor_evaluation_batch_v1/alpha158_remaining138/runs/batch_007/qlib_eval/alpha158_IMIN20
batch_007,remaining138,qlib_eval,alpha158_IMIN30,pass,4,0,E:/qlib_prj/qlib_baseline/outputs/factor_evaluation_batch_v1/alpha158_remaining138/runs/batch_007/qlib_eval/alpha158_IMIN30
batch_007,remaining138,qlib_eval,alpha158_IMIN60,pass,4,0,E:/qlib_prj/qlib_baseline/outputs/factor_evaluation_batch_v1/alpha158_remaining138/runs/batch_007/qlib_eval/alpha158_IMIN60
batch_007,remaining138,qlib_eval,alpha158_IMXD5,pass,4,0,E:/qlib_prj/qlib_baseline/outputs/factor_evaluation_batch_v1/alpha158_remaining138/runs/batch_007/qlib_eval/alpha158_IMXD5
batch_007,remaining138,qlib_eval,alpha158_IMXD10,pass,4,0,E:/qlib_prj/qlib_baseline/outputs/factor_evaluation_batch_v1/alpha158_remaining138/runs/batch_007/qlib_eval/alpha158_IMXD10
batch_007,remaining138,qlib_eval,alpha158_IMXD20,pass,4,0,E:/qlib_prj/qlib_baseline/outputs/factor_evaluation_batch_v1/alpha158_remaining138/runs/batch_007/qlib_eval/alpha158_IMXD20
batch_007,remaining138,qlib_eval,alpha158_IMXD30,pass,4,0,E:/qlib_prj/qlib_baseline/outputs/factor_evaluation_batch_v1/alpha158_remaining138/runs/batch_007/qlib_eval/alpha158_IMXD30
batch_007,remaining138,qlib_eval,alpha158_IMXD60,pass,4,0,E:/qlib_prj/qlib_baseline/outputs/factor_evaluation_batch_v1/alpha158_remaining138/runs/batch_007/qlib_eval/alpha158_IMXD60
batch_007,remaining138,qlib_eval,alpha158_CORR5,pass,4,0,E:/qlib_prj/qlib_baseline/outputs/factor_evaluation_batch_v1/alpha158_remaining138/runs/batch_007/qlib_eval/alpha158_CORR5
batch_007,remaining138,qlib_eval,alpha158_CORR10,pass,4,0,E:/qlib_prj/qlib_baseline/outputs/factor_evaluation_batch_v1/alpha158_remaining138/runs/batch_007/qlib_eval/alpha158_CORR10
batch_008,remaining138,alphalens_reloaded,alpha158_CORR20,pass,8,0,E:/qlib_prj/qlib_baseline/outputs/factor_evaluation_batch_v1/alpha158_remaining138/runs/batch_008/alphalens_reloaded/alpha158_CORR20
batch_008,remaining138,alphalens_reloaded,alpha158_CORR30,pass,8,0,E:/qlib_prj/qlib_baseline/outputs/factor_evaluation_batch_v1/alpha158_remaining138/runs/batch_008/alphalens_reloaded/alpha158_CORR30
batch_008,remaining138,alphalens_reloaded,alpha158_CORR60,pass,8,0,E:/qlib_prj/qlib_baseline/outputs/factor_evaluation_batch_v1/alpha158_remaining138/runs/batch_008/alphalens_reloaded/alpha158_CORR60
batch_008,remaining138,alphalens_reloaded,alpha158_CORD5,pass,8,0,E:/qlib_prj/qlib_baseline/outputs/factor_evaluation_batch_v1/alpha158_remaining138/runs/batch_008/alphalens_reloaded/alpha158_CORD5
batch_008,remaining138,alphalens_reloaded,alpha158_CORD10,pass,8,0,E:/qlib_prj/qlib_baseline/outputs/factor_evaluation_batch_v1/alpha158_remaining138/runs/batch_008/alphalens_reloaded/alpha158_CORD10
batch_008,remaining138,alphalens_reloaded,alpha158_CORD20,pass,8,0,E:/qlib_prj/qlib_baseline/outputs/factor_evaluation_batch_v1/alpha158_remaining138/runs/batch_008/alphalens_reloaded/alpha158_CORD20
batch_008,remaining138,alphalens_reloaded,alpha158_CORD30,pass,8,0,E:/qlib_prj/qlib_baseline/outputs/factor_evaluation_batch_v1/alpha158_remaining138/runs/batch_008/alphalens_reloaded/alpha158_CORD30
batch_008,remaining138,alphalens_reloaded,alpha158_CORD60,pass,8,0,E:/qlib_prj/qlib_baseline/outputs/factor_evaluation_batch_v1/alpha158_remaining138/runs/batch_008/alphalens_reloaded/alpha158_CORD60
batch_008,remaining138,alphalens_reloaded,alpha158_CNTP5,pass,8,0,E:/qlib_prj/qlib_baseline/outputs/factor_evaluation_batch_v1/alpha158_remaining138/runs/batch_008/alphalens_reloaded/alpha158_CNTP5
batch_008,remaining138,alphalens_reloaded,alpha158_CNTP10,pass,8,0,E:/qlib_prj/qlib_baseline/outputs/factor_evaluation_batch_v1/alpha158_remaining138/runs/batch_008/alphalens_reloaded/alpha158_CNTP10
batch_008,remaining138,jqfactor_analyzer,alpha158_CORR20,partial_pass,5,2,E:/qlib_prj/qlib_baseline/outputs/factor_evaluation_batch_v1/alpha158_remaining138/runs/batch_008/jqfactor_analyzer/alpha158_CORR20
batch_008,remaining138,jqfactor_analyzer,alpha158_CORR30,partial_pass,5,2,E:/qlib_prj/qlib_baseline/outputs/factor_evaluation_batch_v1/alpha158_remaining138/runs/batch_008/jqfactor_analyzer/alpha158_CORR30
batch_008,remaining138,jqfactor_analyzer,alpha158_CORR60,partial_pass,5,2,E:/qlib_prj/qlib_baseline/outputs/factor_evaluation_batch_v1/alpha158_remaining138/runs/batch_008/jqfactor_analyzer/alpha158_CORR60
batch_008,remaining138,jqfactor_analyzer,alpha158_CORD5,partial_pass,5,2,E:/qlib_prj/qlib_baseline/outputs/factor_evaluation_batch_v1/alpha158_remaining138/runs/batch_008/jqfactor_analyzer/alpha158_CORD5
batch_008,remaining138,jqfactor_analyzer,alpha158_CORD10,partial_pass,5,2,E:/qlib_prj/qlib_baseline/outputs/factor_evaluation_batch_v1/alpha158_remaining138/runs/batch_008/jqfactor_analyzer/alpha158_CORD10
batch_008,remaining138,jqfactor_analyzer,alpha158_CORD20,partial_pass,5,2,E:/qlib_prj/qlib_baseline/outputs/factor_evaluation_batch_v1/alpha158_remaining138/runs/batch_008/jqfactor_analyzer/alpha158_CORD20
batch_008,remaining138,jqfactor_analyzer,alpha158_CORD30,partial_pass,5,2,E:/qlib_prj/qlib_baseline/outputs/factor_evaluation_batch_v1/alpha158_remaining138/runs/batch_008/jqfactor_analyzer/alpha158_CORD30
batch_008,remaining138,jqfactor_analyzer,alpha158_CORD60,partial_pass,5,2,E:/qlib_prj/qlib_baseline/outputs/factor_evaluation_batch_v1/alpha158_remaining138/runs/batch_008/jqfactor_analyzer/alpha158_CORD60
batch_008,remaining138,jqfactor_analyzer,alpha158_CNTP5,partial_pass,5,2,E:/qlib_prj/qlib_baseline/outputs/factor_evaluation_batch_v1/alpha158_remaining138/runs/batch_008/jqfactor_analyzer/alpha158_CNTP5
batch_008,remaining138,jqfactor_analyzer,alpha158_CNTP10,partial_pass,5,2,E:/qlib_prj/qlib_baseline/outputs/factor_evaluation_batch_v1/alpha158_remaining138/runs/batch_008/jqfactor_analyzer/alpha158_CNTP10
batch_008,remaining138,qlib_eval,alpha158_CORR20,pass,4,0,E:/qlib_prj/qlib_baseline/outputs/factor_evaluation_batch_v1/alpha158_remaining138/runs/batch_008/qlib_eval/alpha158_CORR20
batch_008,remaining138,qlib_eval,alpha158_CORR30,pass,4,0,E:/qlib_prj/qlib_baseline/outputs/factor_evaluation_batch_v1/alpha158_remaining138/runs/batch_008/qlib_eval/alpha158_CORR30
batch_008,remaining138,qlib_eval,alpha158_CORR60,pass,4,0,E:/qlib_prj/qlib_baseline/outputs/factor_evaluation_batch_v1/alpha158_remaining138/runs/batch_008/qlib_eval/alpha158_CORR60
batch_008,remaining138,qlib_eval,alpha158_CORD5,pass,4,0,E:/qlib_prj/qlib_baseline/outputs/factor_evaluation_batch_v1/alpha158_remaining138/runs/batch_008/qlib_eval/alpha158_CORD5
batch_008,remaining138,qlib_eval,alpha158_CORD10,pass,4,0,E:/qlib_prj/qlib_baseline/outputs/factor_evaluation_batch_v1/alpha158_remaining138/runs/batch_008/qlib_eval/alpha158_CORD10
batch_008,remaining138,qlib_eval,alpha158_CORD20,pass,4,0,E:/qlib_prj/qlib_baseline/outputs/factor_evaluation_batch_v1/alpha158_remaining138/runs/batch_008/qlib_eval/alpha158_CORD20
batch_008,remaining138,qlib_eval,alpha158_CORD30,pass,4,0,E:/qlib_prj/qlib_baseline/outputs/factor_evaluation_batch_v1/alpha158_remaining138/runs/batch_008/qlib_eval/alpha158_CORD30
batch_008,remaining138,qlib_eval,alpha158_CORD60,pass,4,0,E:/qlib_prj/qlib_baseline/outputs/factor_evaluation_batch_v1/alpha158_remaining138/runs/batch_008/qlib_eval/alpha158_CORD60
batch_008,remaining138,qlib_eval,alpha158_CNTP5,pass,4,0,E:/qlib_prj/qlib_baseline/outputs/factor_evaluation_batch_v1/alpha158_remaining138/runs/batch_008/qlib_eval/alpha158_CNTP5
batch_008,remaining138,qlib_eval,alpha158_CNTP10,pass,4,0,E:/qlib_prj/qlib_baseline/outputs/factor_evaluation_batch_v1/alpha158_remaining138/runs/batch_008/qlib_eval/alpha158_CNTP10
batch_009,remaining138,alphalens_reloaded,alpha158_CNTP20,pass,8,0,E:/qlib_prj/qlib_baseline/outputs/factor_evaluation_batch_v1/alpha158_remaining138/runs/batch_009/alphalens_reloaded/alpha158_CNTP20
batch_009,remaining138,alphalens_reloaded,alpha158_CNTP30,pass,8,0,E:/qlib_prj/qlib_baseline/outputs/factor_evaluation_batch_v1/alpha158_remaining138/runs/batch_009/alphalens_reloaded/alpha158_CNTP30
batch_009,remaining138,alphalens_reloaded,alpha158_CNTP60,pass,8,0,E:/qlib_prj/qlib_baseline/outputs/factor_evaluation_batch_v1/alpha158_remaining138/runs/batch_009/alphalens_reloaded/alpha158_CNTP60
batch_009,remaining138,alphalens_reloaded,alpha158_CNTN5,partial_pass,7,1,E:/qlib_prj/qlib_baseline/outputs/factor_evaluation_batch_v1/alpha158_remaining138/runs/batch_009/alphalens_reloaded/alpha158_CNTN5
batch_009,remaining138,alphalens_reloaded,alpha158_CNTN10,pass,8,0,E:/qlib_prj/qlib_baseline/outputs/factor_evaluation_batch_v1/alpha158_remaining138/runs/batch_009/alphalens_reloaded/alpha158_CNTN10
batch_009,remaining138,alphalens_reloaded,alpha158_CNTN20,pass,8,0,E:/qlib_prj/qlib_baseline/outputs/factor_evaluation_batch_v1/alpha158_remaining138/runs/batch_009/alphalens_reloaded/alpha158_CNTN20
batch_009,remaining138,alphalens_reloaded,alpha158_CNTN30,pass,8,0,E:/qlib_prj/qlib_baseline/outputs/factor_evaluation_batch_v1/alpha158_remaining138/runs/batch_009/alphalens_reloaded/alpha158_CNTN30
batch_009,remaining138,alphalens_reloaded,alpha158_CNTN60,pass,8,0,E:/qlib_prj/qlib_baseline/outputs/factor_evaluation_batch_v1/alpha158_remaining138/runs/batch_009/alphalens_reloaded/alpha158_CNTN60
batch_009,remaining138,alphalens_reloaded,alpha158_CNTD5,pass,8,0,E:/qlib_prj/qlib_baseline/outputs/factor_evaluation_batch_v1/alpha158_remaining138/runs/batch_009/alphalens_reloaded/alpha158_CNTD5
batch_009,remaining138,alphalens_reloaded,alpha158_CNTD10,pass,8,0,E:/qlib_prj/qlib_baseline/outputs/factor_evaluation_batch_v1/alpha158_remaining138/runs/batch_009/alphalens_reloaded/alpha158_CNTD10
batch_009,remaining138,jqfactor_analyzer,alpha158_CNTP20,partial_pass,5,2,E:/qlib_prj/qlib_baseline/outputs/factor_evaluation_batch_v1/alpha158_remaining138/runs/batch_009/jqfactor_analyzer/alpha158_CNTP20
batch_009,remaining138,jqfactor_analyzer,alpha158_CNTP30,partial_pass,5,2,E:/qlib_prj/qlib_baseline/outputs/factor_evaluation_batch_v1/alpha158_remaining138/runs/batch_009/jqfactor_analyzer/alpha158_CNTP30
batch_009,remaining138,jqfactor_analyzer,alpha158_CNTP60,partial_pass,5,2,E:/qlib_prj/qlib_baseline/outputs/factor_evaluation_batch_v1/alpha158_remaining138/runs/batch_009/jqfactor_analyzer/alpha158_CNTP60
batch_009,remaining138,jqfactor_analyzer,alpha158_CNTN5,partial_pass,5,2,E:/qlib_prj/qlib_baseline/outputs/factor_evaluation_batch_v1/alpha158_remaining138/runs/batch_009/jqfactor_analyzer/alpha158_CNTN5
batch_009,remaining138,jqfactor_analyzer,alpha158_CNTN10,partial_pass,5,2,E:/qlib_prj/qlib_baseline/outputs/factor_evaluation_batch_v1/alpha158_remaining138/runs/batch_009/jqfactor_analyzer/alpha158_CNTN10
batch_009,remaining138,jqfactor_analyzer,alpha158_CNTN20,partial_pass,5,2,E:/qlib_prj/qlib_baseline/outputs/factor_evaluation_batch_v1/alpha158_remaining138/runs/batch_009/jqfactor_analyzer/alpha158_CNTN20
batch_009,remaining138,jqfactor_analyzer,alpha158_CNTN30,partial_pass,5,2,E:/qlib_prj/qlib_baseline/outputs/factor_evaluation_batch_v1/alpha158_remaining138/runs/batch_009/jqfactor_analyzer/alpha158_CNTN30
batch_009,remaining138,jqfactor_analyzer,alpha158_CNTN60,partial_pass,5,2,E:/qlib_prj/qlib_baseline/outputs/factor_evaluation_batch_v1/alpha158_remaining138/runs/batch_009/jqfactor_analyzer/alpha158_CNTN60
batch_009,remaining138,jqfactor_analyzer,alpha158_CNTD5,partial_pass,5,2,E:/qlib_prj/qlib_baseline/outputs/factor_evaluation_batch_v1/alpha158_remaining138/runs/batch_009/jqfactor_analyzer/alpha158_CNTD5
batch_009,remaining138,jqfactor_analyzer,alpha158_CNTD10,partial_pass,5,2,E:/qlib_prj/qlib_baseline/outputs/factor_evaluation_batch_v1/alpha158_remaining138/runs/batch_009/jqfactor_analyzer/alpha158_CNTD10
batch_009,remaining138,qlib_eval,alpha158_CNTP20,pass,4,0,E:/qlib_prj/qlib_baseline/outputs/factor_evaluation_batch_v1/alpha158_remaining138/runs/batch_009/qlib_eval/alpha158_CNTP20
batch_009,remaining138,qlib_eval,alpha158_CNTP30,pass,4,0,E:/qlib_prj/qlib_baseline/outputs/factor_evaluation_batch_v1/alpha158_remaining138/runs/batch_009/qlib_eval/alpha158_CNTP30
batch_009,remaining138,qlib_eval,alpha158_CNTP60,pass,4,0,E:/qlib_prj/qlib_baseline/outputs/factor_evaluation_batch_v1/alpha158_remaining138/runs/batch_009/qlib_eval/alpha158_CNTP60
batch_009,remaining138,qlib_eval,alpha158_CNTN5,pass,4,0,E:/qlib_prj/qlib_baseline/outputs/factor_evaluation_batch_v1/alpha158_remaining138/runs/batch_009/qlib_eval/alpha158_CNTN5
batch_009,remaining138,qlib_eval,alpha158_CNTN10,pass,4,0,E:/qlib_prj/qlib_baseline/outputs/factor_evaluation_batch_v1/alpha158_remaining138/runs/batch_009/qlib_eval/alpha158_CNTN10
batch_009,remaining138,qlib_eval,alpha158_CNTN20,pass,4,0,E:/qlib_prj/qlib_baseline/outputs/factor_evaluation_batch_v1/alpha158_remaining138/runs/batch_009/qlib_eval/alpha158_CNTN20
batch_009,remaining138,qlib_eval,alpha158_CNTN30,pass,4,0,E:/qlib_prj/qlib_baseline/outputs/factor_evaluation_batch_v1/alpha158_remaining138/runs/batch_009/qlib_eval/alpha158_CNTN30
batch_009,remaining138,qlib_eval,alpha158_CNTN60,pass,4,0,E:/qlib_prj/qlib_baseline/outputs/factor_evaluation_batch_v1/alpha158_remaining138/runs/batch_009/qlib_eval/alpha158_CNTN60
batch_009,remaining138,qlib_eval,alpha158_CNTD5,pass,4,0,E:/qlib_prj/qlib_baseline/outputs/factor_evaluation_batch_v1/alpha158_remaining138/runs/batch_009/qlib_eval/alpha158_CNTD5
batch_009,remaining138,qlib_eval,alpha158_CNTD10,pass,4,0,E:/qlib_prj/qlib_baseline/outputs/factor_evaluation_batch_v1/alpha158_remaining138/runs/batch_009/qlib_eval/alpha158_CNTD10
batch_010,remaining138,alphalens_reloaded,alpha158_CNTD20,pass,8,0,E:/qlib_prj/qlib_baseline/outputs/factor_evaluation_batch_v1/alpha158_remaining138/runs/batch_010/alphalens_reloaded/alpha158_CNTD20
batch_010,remaining138,alphalens_reloaded,alpha158_CNTD30,pass,8,0,E:/qlib_prj/qlib_baseline/outputs/factor_evaluation_batch_v1/alpha158_remaining138/runs/batch_010/alphalens_reloaded/alpha158_CNTD30
batch_010,remaining138,alphalens_reloaded,alpha158_CNTD60,pass,8,0,E:/qlib_prj/qlib_baseline/outputs/factor_evaluation_batch_v1/alpha158_remaining138/runs/batch_010/alphalens_reloaded/alpha158_CNTD60
batch_010,remaining138,alphalens_reloaded,alpha158_SUMP5,pass,8,0,E:/qlib_prj/qlib_baseline/outputs/factor_evaluation_batch_v1/alpha158_remaining138/runs/batch_010/alphalens_reloaded/alpha158_SUMP5
batch_010,remaining138,alphalens_reloaded,alpha158_SUMP10,pass,8,0,E:/qlib_prj/qlib_baseline/outputs/factor_evaluation_batch_v1/alpha158_remaining138/runs/batch_010/alphalens_reloaded/alpha158_SUMP10
batch_010,remaining138,alphalens_reloaded,alpha158_SUMP20,pass,8,0,E:/qlib_prj/qlib_baseline/outputs/factor_evaluation_batch_v1/alpha158_remaining138/runs/batch_010/alphalens_reloaded/alpha158_SUMP20
batch_010,remaining138,alphalens_reloaded,alpha158_SUMP30,pass,8,0,E:/qlib_prj/qlib_baseline/outputs/factor_evaluation_batch_v1/alpha158_remaining138/runs/batch_010/alphalens_reloaded/alpha158_SUMP30
batch_010,remaining138,alphalens_reloaded,alpha158_SUMP60,pass,8,0,E:/qlib_prj/qlib_baseline/outputs/factor_evaluation_batch_v1/alpha158_remaining138/runs/batch_010/alphalens_reloaded/alpha158_SUMP60
batch_010,remaining138,alphalens_reloaded,alpha158_SUMN5,pass,8,0,E:/qlib_prj/qlib_baseline/outputs/factor_evaluation_batch_v1/alpha158_remaining138/runs/batch_010/alphalens_reloaded/alpha158_SUMN5
batch_010,remaining138,alphalens_reloaded,alpha158_SUMN10,pass,8,0,E:/qlib_prj/qlib_baseline/outputs/factor_evaluation_batch_v1/alpha158_remaining138/runs/batch_010/alphalens_reloaded/alpha158_SUMN10
batch_010,remaining138,jqfactor_analyzer,alpha158_CNTD20,partial_pass,5,2,E:/qlib_prj/qlib_baseline/outputs/factor_evaluation_batch_v1/alpha158_remaining138/runs/batch_010/jqfactor_analyzer/alpha158_CNTD20
batch_010,remaining138,jqfactor_analyzer,alpha158_CNTD30,partial_pass,5,2,E:/qlib_prj/qlib_baseline/outputs/factor_evaluation_batch_v1/alpha158_remaining138/runs/batch_010/jqfactor_analyzer/alpha158_CNTD30
batch_010,remaining138,jqfactor_analyzer,alpha158_CNTD60,partial_pass,5,2,E:/qlib_prj/qlib_baseline/outputs/factor_evaluation_batch_v1/alpha158_remaining138/runs/batch_010/jqfactor_analyzer/alpha158_CNTD60
batch_010,remaining138,jqfactor_analyzer,alpha158_SUMP5,partial_pass,5,2,E:/qlib_prj/qlib_baseline/outputs/factor_evaluation_batch_v1/alpha158_remaining138/runs/batch_010/jqfactor_analyzer/alpha158_SUMP5
batch_010,remaining138,jqfactor_analyzer,alpha158_SUMP10,partial_pass,5,2,E:/qlib_prj/qlib_baseline/outputs/factor_evaluation_batch_v1/alpha158_remaining138/runs/batch_010/jqfactor_analyzer/alpha158_SUMP10
batch_010,remaining138,jqfactor_analyzer,alpha158_SUMP20,partial_pass,5,2,E:/qlib_prj/qlib_baseline/outputs/factor_evaluation_batch_v1/alpha158_remaining138/runs/batch_010/jqfactor_analyzer/alpha158_SUMP20
batch_010,remaining138,jqfactor_analyzer,alpha158_SUMP30,partial_pass,5,2,E:/qlib_prj/qlib_baseline/outputs/factor_evaluation_batch_v1/alpha158_remaining138/runs/batch_010/jqfactor_analyzer/alpha158_SUMP30
batch_010,remaining138,jqfactor_analyzer,alpha158_SUMP60,partial_pass,5,2,E:/qlib_prj/qlib_baseline/outputs/factor_evaluation_batch_v1/alpha158_remaining138/runs/batch_010/jqfactor_analyzer/alpha158_SUMP60
batch_010,remaining138,jqfactor_analyzer,alpha158_SUMN5,partial_pass,5,2,E:/qlib_prj/qlib_baseline/outputs/factor_evaluation_batch_v1/alpha158_remaining138/runs/batch_010/jqfactor_analyzer/alpha158_SUMN5
batch_010,remaining138,jqfactor_analyzer,alpha158_SUMN10,partial_pass,5,2,E:/qlib_prj/qlib_baseline/outputs/factor_evaluation_batch_v1/alpha158_remaining138/runs/batch_010/jqfactor_analyzer/alpha158_SUMN10
batch_010,remaining138,qlib_eval,alpha158_CNTD20,pass,4,0,E:/qlib_prj/qlib_baseline/outputs/factor_evaluation_batch_v1/alpha158_remaining138/runs/batch_010/qlib_eval/alpha158_CNTD20
batch_010,remaining138,qlib_eval,alpha158_CNTD30,pass,4,0,E:/qlib_prj/qlib_baseline/outputs/factor_evaluation_batch_v1/alpha158_remaining138/runs/batch_010/qlib_eval/alpha158_CNTD30
batch_010,remaining138,qlib_eval,alpha158_CNTD60,pass,4,0,E:/qlib_prj/qlib_baseline/outputs/factor_evaluation_batch_v1/alpha158_remaining138/runs/batch_010/qlib_eval/alpha158_CNTD60
batch_010,remaining138,qlib_eval,alpha158_SUMP5,pass,4,0,E:/qlib_prj/qlib_baseline/outputs/factor_evaluation_batch_v1/alpha158_remaining138/runs/batch_010/qlib_eval/alpha158_SUMP5
batch_010,remaining138,qlib_eval,alpha158_SUMP10,pass,4,0,E:/qlib_prj/qlib_baseline/outputs/factor_evaluation_batch_v1/alpha158_remaining138/runs/batch_010/qlib_eval/alpha158_SUMP10
batch_010,remaining138,qlib_eval,alpha158_SUMP20,pass,4,0,E:/qlib_prj/qlib_baseline/outputs/factor_evaluation_batch_v1/alpha158_remaining138/runs/batch_010/qlib_eval/alpha158_SUMP20
batch_010,remaining138,qlib_eval,alpha158_SUMP30,pass,4,0,E:/qlib_prj/qlib_baseline/outputs/factor_evaluation_batch_v1/alpha158_remaining138/runs/batch_010/qlib_eval/alpha158_SUMP30
batch_010,remaining138,qlib_eval,alpha158_SUMP60,pass,4,0,E:/qlib_prj/qlib_baseline/outputs/factor_evaluation_batch_v1/alpha158_remaining138/runs/batch_010/qlib_eval/alpha158_SUMP60
batch_010,remaining138,qlib_eval,alpha158_SUMN5,pass,4,0,E:/qlib_prj/qlib_baseline/outputs/factor_evaluation_batch_v1/alpha158_remaining138/runs/batch_010/qlib_eval/alpha158_SUMN5
batch_010,remaining138,qlib_eval,alpha158_SUMN10,pass,4,0,E:/qlib_prj/qlib_baseline/outputs/factor_evaluation_batch_v1/alpha158_remaining138/runs/batch_010/qlib_eval/alpha158_SUMN10
batch_011,remaining138,alphalens_reloaded,alpha158_SUMN20,pass,8,0,E:/qlib_prj/qlib_baseline/outputs/factor_evaluation_batch_v1/alpha158_remaining138/runs/batch_011/alphalens_reloaded/alpha158_SUMN20
batch_011,remaining138,alphalens_reloaded,alpha158_SUMN30,pass,8,0,E:/qlib_prj/qlib_baseline/outputs/factor_evaluation_batch_v1/alpha158_remaining138/runs/batch_011/alphalens_reloaded/alpha158_SUMN30
batch_011,remaining138,alphalens_reloaded,alpha158_SUMN60,pass,8,0,E:/qlib_prj/qlib_baseline/outputs/factor_evaluation_batch_v1/alpha158_remaining138/runs/batch_011/alphalens_reloaded/alpha158_SUMN60
batch_011,remaining138,alphalens_reloaded,alpha158_SUMD5,pass,8,0,E:/qlib_prj/qlib_baseline/outputs/factor_evaluation_batch_v1/alpha158_remaining138/runs/batch_011/alphalens_reloaded/alpha158_SUMD5
batch_011,remaining138,alphalens_reloaded,alpha158_SUMD10,pass,8,0,E:/qlib_prj/qlib_baseline/outputs/factor_evaluation_batch_v1/alpha158_remaining138/runs/batch_011/alphalens_reloaded/alpha158_SUMD10
batch_011,remaining138,alphalens_reloaded,alpha158_SUMD20,pass,8,0,E:/qlib_prj/qlib_baseline/outputs/factor_evaluation_batch_v1/alpha158_remaining138/runs/batch_011/alphalens_reloaded/alpha158_SUMD20
batch_011,remaining138,alphalens_reloaded,alpha158_SUMD30,pass,8,0,E:/qlib_prj/qlib_baseline/outputs/factor_evaluation_batch_v1/alpha158_remaining138/runs/batch_011/alphalens_reloaded/alpha158_SUMD30
batch_011,remaining138,alphalens_reloaded,alpha158_SUMD60,pass,8,0,E:/qlib_prj/qlib_baseline/outputs/factor_evaluation_batch_v1/alpha158_remaining138/runs/batch_011/alphalens_reloaded/alpha158_SUMD60
batch_011,remaining138,alphalens_reloaded,alpha158_VMA5,pass,8,0,E:/qlib_prj/qlib_baseline/outputs/factor_evaluation_batch_v1/alpha158_remaining138/runs/batch_011/alphalens_reloaded/alpha158_VMA5
batch_011,remaining138,alphalens_reloaded,alpha158_VMA10,pass,8,0,E:/qlib_prj/qlib_baseline/outputs/factor_evaluation_batch_v1/alpha158_remaining138/runs/batch_011/alphalens_reloaded/alpha158_VMA10
batch_011,remaining138,jqfactor_analyzer,alpha158_SUMN20,partial_pass,5,2,E:/qlib_prj/qlib_baseline/outputs/factor_evaluation_batch_v1/alpha158_remaining138/runs/batch_011/jqfactor_analyzer/alpha158_SUMN20
batch_011,remaining138,jqfactor_analyzer,alpha158_SUMN30,partial_pass,5,2,E:/qlib_prj/qlib_baseline/outputs/factor_evaluation_batch_v1/alpha158_remaining138/runs/batch_011/jqfactor_analyzer/alpha158_SUMN30
batch_011,remaining138,jqfactor_analyzer,alpha158_SUMN60,partial_pass,5,2,E:/qlib_prj/qlib_baseline/outputs/factor_evaluation_batch_v1/alpha158_remaining138/runs/batch_011/jqfactor_analyzer/alpha158_SUMN60
batch_011,remaining138,jqfactor_analyzer,alpha158_SUMD5,partial_pass,5,2,E:/qlib_prj/qlib_baseline/outputs/factor_evaluation_batch_v1/alpha158_remaining138/runs/batch_011/jqfactor_analyzer/alpha158_SUMD5
batch_011,remaining138,jqfactor_analyzer,alpha158_SUMD10,partial_pass,5,2,E:/qlib_prj/qlib_baseline/outputs/factor_evaluation_batch_v1/alpha158_remaining138/runs/batch_011/jqfactor_analyzer/alpha158_SUMD10
batch_011,remaining138,jqfactor_analyzer,alpha158_SUMD20,partial_pass,5,2,E:/qlib_prj/qlib_baseline/outputs/factor_evaluation_batch_v1/alpha158_remaining138/runs/batch_011/jqfactor_analyzer/alpha158_SUMD20
batch_011,remaining138,jqfactor_analyzer,alpha158_SUMD30,partial_pass,5,2,E:/qlib_prj/qlib_baseline/outputs/factor_evaluation_batch_v1/alpha158_remaining138/runs/batch_011/jqfactor_analyzer/alpha158_SUMD30
batch_011,remaining138,jqfactor_analyzer,alpha158_SUMD60,partial_pass,5,2,E:/qlib_prj/qlib_baseline/outputs/factor_evaluation_batch_v1/alpha158_remaining138/runs/batch_011/jqfactor_analyzer/alpha158_SUMD60
batch_011,remaining138,jqfactor_analyzer,alpha158_VMA5,partial_pass,5,2,E:/qlib_prj/qlib_baseline/outputs/factor_evaluation_batch_v1/alpha158_remaining138/runs/batch_011/jqfactor_analyzer/alpha158_VMA5
batch_011,remaining138,jqfactor_analyzer,alpha158_VMA10,partial_pass,5,2,E:/qlib_prj/qlib_baseline/outputs/factor_evaluation_batch_v1/alpha158_remaining138/runs/batch_011/jqfactor_analyzer/alpha158_VMA10
batch_011,remaining138,qlib_eval,alpha158_SUMN20,pass,4,0,E:/qlib_prj/qlib_baseline/outputs/factor_evaluation_batch_v1/alpha158_remaining138/runs/batch_011/qlib_eval/alpha158_SUMN20
batch_011,remaining138,qlib_eval,alpha158_SUMN30,pass,4,0,E:/qlib_prj/qlib_baseline/outputs/factor_evaluation_batch_v1/alpha158_remaining138/runs/batch_011/qlib_eval/alpha158_SUMN30
batch_011,remaining138,qlib_eval,alpha158_SUMN60,pass,4,0,E:/qlib_prj/qlib_baseline/outputs/factor_evaluation_batch_v1/alpha158_remaining138/runs/batch_011/qlib_eval/alpha158_SUMN60
batch_011,remaining138,qlib_eval,alpha158_SUMD5,pass,4,0,E:/qlib_prj/qlib_baseline/outputs/factor_evaluation_batch_v1/alpha158_remaining138/runs/batch_011/qlib_eval/alpha158_SUMD5
batch_011,remaining138,qlib_eval,alpha158_SUMD10,pass,4,0,E:/qlib_prj/qlib_baseline/outputs/factor_evaluation_batch_v1/alpha158_remaining138/runs/batch_011/qlib_eval/alpha158_SUMD10
batch_011,remaining138,qlib_eval,alpha158_SUMD20,pass,4,0,E:/qlib_prj/qlib_baseline/outputs/factor_evaluation_batch_v1/alpha158_remaining138/runs/batch_011/qlib_eval/alpha158_SUMD20
batch_011,remaining138,qlib_eval,alpha158_SUMD30,pass,4,0,E:/qlib_prj/qlib_baseline/outputs/factor_evaluation_batch_v1/alpha158_remaining138/runs/batch_011/qlib_eval/alpha158_SUMD30
batch_011,remaining138,qlib_eval,alpha158_SUMD60,pass,4,0,E:/qlib_prj/qlib_baseline/outputs/factor_evaluation_batch_v1/alpha158_remaining138/runs/batch_011/qlib_eval/alpha158_SUMD60
batch_011,remaining138,qlib_eval,alpha158_VMA5,pass,4,0,E:/qlib_prj/qlib_baseline/outputs/factor_evaluation_batch_v1/alpha158_remaining138/runs/batch_011/qlib_eval/alpha158_VMA5
batch_011,remaining138,qlib_eval,alpha158_VMA10,pass,4,0,E:/qlib_prj/qlib_baseline/outputs/factor_evaluation_batch_v1/alpha158_remaining138/runs/batch_011/qlib_eval/alpha158_VMA10
batch_012,remaining138,alphalens_reloaded,alpha158_VMA20,pass,8,0,E:/qlib_prj/qlib_baseline/outputs/factor_evaluation_batch_v1/alpha158_remaining138/runs/batch_012/alphalens_reloaded/alpha158_VMA20
batch_012,remaining138,alphalens_reloaded,alpha158_VMA30,pass,8,0,E:/qlib_prj/qlib_baseline/outputs/factor_evaluation_batch_v1/alpha158_remaining138/runs/batch_012/alphalens_reloaded/alpha158_VMA30
batch_012,remaining138,alphalens_reloaded,alpha158_VMA60,pass,8,0,E:/qlib_prj/qlib_baseline/outputs/factor_evaluation_batch_v1/alpha158_remaining138/runs/batch_012/alphalens_reloaded/alpha158_VMA60
batch_012,remaining138,alphalens_reloaded,alpha158_VSTD5,pass,8,0,E:/qlib_prj/qlib_baseline/outputs/factor_evaluation_batch_v1/alpha158_remaining138/runs/batch_012/alphalens_reloaded/alpha158_VSTD5
batch_012,remaining138,alphalens_reloaded,alpha158_VSTD10,pass,8,0,E:/qlib_prj/qlib_baseline/outputs/factor_evaluation_batch_v1/alpha158_remaining138/runs/batch_012/alphalens_reloaded/alpha158_VSTD10
batch_012,remaining138,alphalens_reloaded,alpha158_VSTD20,pass,8,0,E:/qlib_prj/qlib_baseline/outputs/factor_evaluation_batch_v1/alpha158_remaining138/runs/batch_012/alphalens_reloaded/alpha158_VSTD20
batch_012,remaining138,alphalens_reloaded,alpha158_VSTD30,pass,8,0,E:/qlib_prj/qlib_baseline/outputs/factor_evaluation_batch_v1/alpha158_remaining138/runs/batch_012/alphalens_reloaded/alpha158_VSTD30
batch_012,remaining138,alphalens_reloaded,alpha158_VSTD60,pass,8,0,E:/qlib_prj/qlib_baseline/outputs/factor_evaluation_batch_v1/alpha158_remaining138/runs/batch_012/alphalens_reloaded/alpha158_VSTD60
batch_012,remaining138,alphalens_reloaded,alpha158_WVMA5,pass,8,0,E:/qlib_prj/qlib_baseline/outputs/factor_evaluation_batch_v1/alpha158_remaining138/runs/batch_012/alphalens_reloaded/alpha158_WVMA5
batch_012,remaining138,alphalens_reloaded,alpha158_WVMA10,pass,8,0,E:/qlib_prj/qlib_baseline/outputs/factor_evaluation_batch_v1/alpha158_remaining138/runs/batch_012/alphalens_reloaded/alpha158_WVMA10
batch_012,remaining138,jqfactor_analyzer,alpha158_VMA20,partial_pass,5,2,E:/qlib_prj/qlib_baseline/outputs/factor_evaluation_batch_v1/alpha158_remaining138/runs/batch_012/jqfactor_analyzer/alpha158_VMA20
batch_012,remaining138,jqfactor_analyzer,alpha158_VMA30,partial_pass,5,2,E:/qlib_prj/qlib_baseline/outputs/factor_evaluation_batch_v1/alpha158_remaining138/runs/batch_012/jqfactor_analyzer/alpha158_VMA30
batch_012,remaining138,jqfactor_analyzer,alpha158_VMA60,partial_pass,5,2,E:/qlib_prj/qlib_baseline/outputs/factor_evaluation_batch_v1/alpha158_remaining138/runs/batch_012/jqfactor_analyzer/alpha158_VMA60
batch_012,remaining138,jqfactor_analyzer,alpha158_VSTD5,partial_pass,5,2,E:/qlib_prj/qlib_baseline/outputs/factor_evaluation_batch_v1/alpha158_remaining138/runs/batch_012/jqfactor_analyzer/alpha158_VSTD5
batch_012,remaining138,jqfactor_analyzer,alpha158_VSTD10,partial_pass,5,2,E:/qlib_prj/qlib_baseline/outputs/factor_evaluation_batch_v1/alpha158_remaining138/runs/batch_012/jqfactor_analyzer/alpha158_VSTD10
batch_012,remaining138,jqfactor_analyzer,alpha158_VSTD20,partial_pass,5,2,E:/qlib_prj/qlib_baseline/outputs/factor_evaluation_batch_v1/alpha158_remaining138/runs/batch_012/jqfactor_analyzer/alpha158_VSTD20
batch_012,remaining138,jqfactor_analyzer,alpha158_VSTD30,partial_pass,5,2,E:/qlib_prj/qlib_baseline/outputs/factor_evaluation_batch_v1/alpha158_remaining138/runs/batch_012/jqfactor_analyzer/alpha158_VSTD30
batch_012,remaining138,jqfactor_analyzer,alpha158_VSTD60,partial_pass,5,2,E:/qlib_prj/qlib_baseline/outputs/factor_evaluation_batch_v1/alpha158_remaining138/runs/batch_012/jqfactor_analyzer/alpha158_VSTD60
batch_012,remaining138,jqfactor_analyzer,alpha158_WVMA5,partial_pass,5,2,E:/qlib_prj/qlib_baseline/outputs/factor_evaluation_batch_v1/alpha158_remaining138/runs/batch_012/jqfactor_analyzer/alpha158_WVMA5
batch_012,remaining138,jqfactor_analyzer,alpha158_WVMA10,partial_pass,5,2,E:/qlib_prj/qlib_baseline/outputs/factor_evaluation_batch_v1/alpha158_remaining138/runs/batch_012/jqfactor_analyzer/alpha158_WVMA10
batch_012,remaining138,qlib_eval,alpha158_VMA20,pass,4,0,E:/qlib_prj/qlib_baseline/outputs/factor_evaluation_batch_v1/alpha158_remaining138/runs/batch_012/qlib_eval/alpha158_VMA20
batch_012,remaining138,qlib_eval,alpha158_VMA30,pass,4,0,E:/qlib_prj/qlib_baseline/outputs/factor_evaluation_batch_v1/alpha158_remaining138/runs/batch_012/qlib_eval/alpha158_VMA30
batch_012,remaining138,qlib_eval,alpha158_VMA60,pass,4,0,E:/qlib_prj/qlib_baseline/outputs/factor_evaluation_batch_v1/alpha158_remaining138/runs/batch_012/qlib_eval/alpha158_VMA60
batch_012,remaining138,qlib_eval,alpha158_VSTD5,pass,4,0,E:/qlib_prj/qlib_baseline/outputs/factor_evaluation_batch_v1/alpha158_remaining138/runs/batch_012/qlib_eval/alpha158_VSTD5
batch_012,remaining138,qlib_eval,alpha158_VSTD10,pass,4,0,E:/qlib_prj/qlib_baseline/outputs/factor_evaluation_batch_v1/alpha158_remaining138/runs/batch_012/qlib_eval/alpha158_VSTD10
batch_012,remaining138,qlib_eval,alpha158_VSTD20,pass,4,0,E:/qlib_prj/qlib_baseline/outputs/factor_evaluation_batch_v1/alpha158_remaining138/runs/batch_012/qlib_eval/alpha158_VSTD20
batch_012,remaining138,qlib_eval,alpha158_VSTD30,pass,4,0,E:/qlib_prj/qlib_baseline/outputs/factor_evaluation_batch_v1/alpha158_remaining138/runs/batch_012/qlib_eval/alpha158_VSTD30
batch_012,remaining138,qlib_eval,alpha158_VSTD60,pass,4,0,E:/qlib_prj/qlib_baseline/outputs/factor_evaluation_batch_v1/alpha158_remaining138/runs/batch_012/qlib_eval/alpha158_VSTD60
batch_012,remaining138,qlib_eval,alpha158_WVMA5,pass,4,0,E:/qlib_prj/qlib_baseline/outputs/factor_evaluation_batch_v1/alpha158_remaining138/runs/batch_012/qlib_eval/alpha158_WVMA5
batch_012,remaining138,qlib_eval,alpha158_WVMA10,pass,4,0,E:/qlib_prj/qlib_baseline/outputs/factor_evaluation_batch_v1/alpha158_remaining138/runs/batch_012/qlib_eval/alpha158_WVMA10
batch_013,remaining138,alphalens_reloaded,alpha158_WVMA20,pass,8,0,E:/qlib_prj/qlib_baseline/outputs/factor_evaluation_batch_v1/alpha158_remaining138/runs/batch_013/alphalens_reloaded/alpha158_WVMA20
batch_013,remaining138,alphalens_reloaded,alpha158_WVMA30,pass,8,0,E:/qlib_prj/qlib_baseline/outputs/factor_evaluation_batch_v1/alpha158_remaining138/runs/batch_013/alphalens_reloaded/alpha158_WVMA30
batch_013,remaining138,alphalens_reloaded,alpha158_WVMA60,pass,8,0,E:/qlib_prj/qlib_baseline/outputs/factor_evaluation_batch_v1/alpha158_remaining138/runs/batch_013/alphalens_reloaded/alpha158_WVMA60
batch_013,remaining138,alphalens_reloaded,alpha158_VSUMP5,pass,8,0,E:/qlib_prj/qlib_baseline/outputs/factor_evaluation_batch_v1/alpha158_remaining138/runs/batch_013/alphalens_reloaded/alpha158_VSUMP5
batch_013,remaining138,alphalens_reloaded,alpha158_VSUMP10,pass,8,0,E:/qlib_prj/qlib_baseline/outputs/factor_evaluation_batch_v1/alpha158_remaining138/runs/batch_013/alphalens_reloaded/alpha158_VSUMP10
batch_013,remaining138,alphalens_reloaded,alpha158_VSUMP20,pass,8,0,E:/qlib_prj/qlib_baseline/outputs/factor_evaluation_batch_v1/alpha158_remaining138/runs/batch_013/alphalens_reloaded/alpha158_VSUMP20
batch_013,remaining138,alphalens_reloaded,alpha158_VSUMP30,pass,8,0,E:/qlib_prj/qlib_baseline/outputs/factor_evaluation_batch_v1/alpha158_remaining138/runs/batch_013/alphalens_reloaded/alpha158_VSUMP30
batch_013,remaining138,alphalens_reloaded,alpha158_VSUMP60,pass,8,0,E:/qlib_prj/qlib_baseline/outputs/factor_evaluation_batch_v1/alpha158_remaining138/runs/batch_013/alphalens_reloaded/alpha158_VSUMP60
batch_013,remaining138,alphalens_reloaded,alpha158_VSUMN5,pass,8,0,E:/qlib_prj/qlib_baseline/outputs/factor_evaluation_batch_v1/alpha158_remaining138/runs/batch_013/alphalens_reloaded/alpha158_VSUMN5
batch_013,remaining138,alphalens_reloaded,alpha158_VSUMN10,pass,8,0,E:/qlib_prj/qlib_baseline/outputs/factor_evaluation_batch_v1/alpha158_remaining138/runs/batch_013/alphalens_reloaded/alpha158_VSUMN10
batch_013,remaining138,jqfactor_analyzer,alpha158_WVMA20,partial_pass,5,2,E:/qlib_prj/qlib_baseline/outputs/factor_evaluation_batch_v1/alpha158_remaining138/runs/batch_013/jqfactor_analyzer/alpha158_WVMA20
batch_013,remaining138,jqfactor_analyzer,alpha158_WVMA30,partial_pass,5,2,E:/qlib_prj/qlib_baseline/outputs/factor_evaluation_batch_v1/alpha158_remaining138/runs/batch_013/jqfactor_analyzer/alpha158_WVMA30
batch_013,remaining138,jqfactor_analyzer,alpha158_WVMA60,partial_pass,5,2,E:/qlib_prj/qlib_baseline/outputs/factor_evaluation_batch_v1/alpha158_remaining138/runs/batch_013/jqfactor_analyzer/alpha158_WVMA60
batch_013,remaining138,jqfactor_analyzer,alpha158_VSUMP5,partial_pass,5,2,E:/qlib_prj/qlib_baseline/outputs/factor_evaluation_batch_v1/alpha158_remaining138/runs/batch_013/jqfactor_analyzer/alpha158_VSUMP5
batch_013,remaining138,jqfactor_analyzer,alpha158_VSUMP10,partial_pass,5,2,E:/qlib_prj/qlib_baseline/outputs/factor_evaluation_batch_v1/alpha158_remaining138/runs/batch_013/jqfactor_analyzer/alpha158_VSUMP10
batch_013,remaining138,jqfactor_analyzer,alpha158_VSUMP20,partial_pass,5,2,E:/qlib_prj/qlib_baseline/outputs/factor_evaluation_batch_v1/alpha158_remaining138/runs/batch_013/jqfactor_analyzer/alpha158_VSUMP20
batch_013,remaining138,jqfactor_analyzer,alpha158_VSUMP30,partial_pass,5,2,E:/qlib_prj/qlib_baseline/outputs/factor_evaluation_batch_v1/alpha158_remaining138/runs/batch_013/jqfactor_analyzer/alpha158_VSUMP30
batch_013,remaining138,jqfactor_analyzer,alpha158_VSUMP60,partial_pass,5,2,E:/qlib_prj/qlib_baseline/outputs/factor_evaluation_batch_v1/alpha158_remaining138/runs/batch_013/jqfactor_analyzer/alpha158_VSUMP60
batch_013,remaining138,jqfactor_analyzer,alpha158_VSUMN5,partial_pass,5,2,E:/qlib_prj/qlib_baseline/outputs/factor_evaluation_batch_v1/alpha158_remaining138/runs/batch_013/jqfactor_analyzer/alpha158_VSUMN5
batch_013,remaining138,jqfactor_analyzer,alpha158_VSUMN10,partial_pass,5,2,E:/qlib_prj/qlib_baseline/outputs/factor_evaluation_batch_v1/alpha158_remaining138/runs/batch_013/jqfactor_analyzer/alpha158_VSUMN10
batch_013,remaining138,qlib_eval,alpha158_WVMA20,pass,4,0,E:/qlib_prj/qlib_baseline/outputs/factor_evaluation_batch_v1/alpha158_remaining138/runs/batch_013/qlib_eval/alpha158_WVMA20
batch_013,remaining138,qlib_eval,alpha158_WVMA30,pass,4,0,E:/qlib_prj/qlib_baseline/outputs/factor_evaluation_batch_v1/alpha158_remaining138/runs/batch_013/qlib_eval/alpha158_WVMA30
batch_013,remaining138,qlib_eval,alpha158_WVMA60,pass,4,0,E:/qlib_prj/qlib_baseline/outputs/factor_evaluation_batch_v1/alpha158_remaining138/runs/batch_013/qlib_eval/alpha158_WVMA60
batch_013,remaining138,qlib_eval,alpha158_VSUMP5,pass,4,0,E:/qlib_prj/qlib_baseline/outputs/factor_evaluation_batch_v1/alpha158_remaining138/runs/batch_013/qlib_eval/alpha158_VSUMP5
batch_013,remaining138,qlib_eval,alpha158_VSUMP10,pass,4,0,E:/qlib_prj/qlib_baseline/outputs/factor_evaluation_batch_v1/alpha158_remaining138/runs/batch_013/qlib_eval/alpha158_VSUMP10
batch_013,remaining138,qlib_eval,alpha158_VSUMP20,pass,4,0,E:/qlib_prj/qlib_baseline/outputs/factor_evaluation_batch_v1/alpha158_remaining138/runs/batch_013/qlib_eval/alpha158_VSUMP20
batch_013,remaining138,qlib_eval,alpha158_VSUMP30,pass,4,0,E:/qlib_prj/qlib_baseline/outputs/factor_evaluation_batch_v1/alpha158_remaining138/runs/batch_013/qlib_eval/alpha158_VSUMP30
batch_013,remaining138,qlib_eval,alpha158_VSUMP60,pass,4,0,E:/qlib_prj/qlib_baseline/outputs/factor_evaluation_batch_v1/alpha158_remaining138/runs/batch_013/qlib_eval/alpha158_VSUMP60
batch_013,remaining138,qlib_eval,alpha158_VSUMN5,pass,4,0,E:/qlib_prj/qlib_baseline/outputs/factor_evaluation_batch_v1/alpha158_remaining138/runs/batch_013/qlib_eval/alpha158_VSUMN5
batch_013,remaining138,qlib_eval,alpha158_VSUMN10,pass,4,0,E:/qlib_prj/qlib_baseline/outputs/factor_evaluation_batch_v1/alpha158_remaining138/runs/batch_013/qlib_eval/alpha158_VSUMN10
batch_014,remaining138,alphalens_reloaded,alpha158_VSUMN20,pass,8,0,E:/qlib_prj/qlib_baseline/outputs/factor_evaluation_batch_v1/alpha158_remaining138/runs/batch_014/alphalens_reloaded/alpha158_VSUMN20
batch_014,remaining138,alphalens_reloaded,alpha158_VSUMN30,pass,8,0,E:/qlib_prj/qlib_baseline/outputs/factor_evaluation_batch_v1/alpha158_remaining138/runs/batch_014/alphalens_reloaded/alpha158_VSUMN30
batch_014,remaining138,alphalens_reloaded,alpha158_VSUMN60,pass,8,0,E:/qlib_prj/qlib_baseline/outputs/factor_evaluation_batch_v1/alpha158_remaining138/runs/batch_014/alphalens_reloaded/alpha158_VSUMN60
batch_014,remaining138,alphalens_reloaded,alpha158_VSUMD5,pass,8,0,E:/qlib_prj/qlib_baseline/outputs/factor_evaluation_batch_v1/alpha158_remaining138/runs/batch_014/alphalens_reloaded/alpha158_VSUMD5
batch_014,remaining138,alphalens_reloaded,alpha158_VSUMD10,pass,8,0,E:/qlib_prj/qlib_baseline/outputs/factor_evaluation_batch_v1/alpha158_remaining138/runs/batch_014/alphalens_reloaded/alpha158_VSUMD10
batch_014,remaining138,alphalens_reloaded,alpha158_VSUMD20,pass,8,0,E:/qlib_prj/qlib_baseline/outputs/factor_evaluation_batch_v1/alpha158_remaining138/runs/batch_014/alphalens_reloaded/alpha158_VSUMD20
batch_014,remaining138,alphalens_reloaded,alpha158_VSUMD30,pass,8,0,E:/qlib_prj/qlib_baseline/outputs/factor_evaluation_batch_v1/alpha158_remaining138/runs/batch_014/alphalens_reloaded/alpha158_VSUMD30
batch_014,remaining138,alphalens_reloaded,alpha158_VSUMD60,pass,8,0,E:/qlib_prj/qlib_baseline/outputs/factor_evaluation_batch_v1/alpha158_remaining138/runs/batch_014/alphalens_reloaded/alpha158_VSUMD60
batch_014,remaining138,jqfactor_analyzer,alpha158_VSUMN20,partial_pass,5,2,E:/qlib_prj/qlib_baseline/outputs/factor_evaluation_batch_v1/alpha158_remaining138/runs/batch_014/jqfactor_analyzer/alpha158_VSUMN20
batch_014,remaining138,jqfactor_analyzer,alpha158_VSUMN30,partial_pass,5,2,E:/qlib_prj/qlib_baseline/outputs/factor_evaluation_batch_v1/alpha158_remaining138/runs/batch_014/jqfactor_analyzer/alpha158_VSUMN30
batch_014,remaining138,jqfactor_analyzer,alpha158_VSUMN60,partial_pass,5,2,E:/qlib_prj/qlib_baseline/outputs/factor_evaluation_batch_v1/alpha158_remaining138/runs/batch_014/jqfactor_analyzer/alpha158_VSUMN60
batch_014,remaining138,jqfactor_analyzer,alpha158_VSUMD5,partial_pass,5,2,E:/qlib_prj/qlib_baseline/outputs/factor_evaluation_batch_v1/alpha158_remaining138/runs/batch_014/jqfactor_analyzer/alpha158_VSUMD5
batch_014,remaining138,jqfactor_analyzer,alpha158_VSUMD10,partial_pass,5,2,E:/qlib_prj/qlib_baseline/outputs/factor_evaluation_batch_v1/alpha158_remaining138/runs/batch_014/jqfactor_analyzer/alpha158_VSUMD10
batch_014,remaining138,jqfactor_analyzer,alpha158_VSUMD20,partial_pass,5,2,E:/qlib_prj/qlib_baseline/outputs/factor_evaluation_batch_v1/alpha158_remaining138/runs/batch_014/jqfactor_analyzer/alpha158_VSUMD20
batch_014,remaining138,jqfactor_analyzer,alpha158_VSUMD30,partial_pass,5,2,E:/qlib_prj/qlib_baseline/outputs/factor_evaluation_batch_v1/alpha158_remaining138/runs/batch_014/jqfactor_analyzer/alpha158_VSUMD30
batch_014,remaining138,jqfactor_analyzer,alpha158_VSUMD60,partial_pass,5,2,E:/qlib_prj/qlib_baseline/outputs/factor_evaluation_batch_v1/alpha158_remaining138/runs/batch_014/jqfactor_analyzer/alpha158_VSUMD60
batch_014,remaining138,qlib_eval,alpha158_VSUMN20,pass,4,0,E:/qlib_prj/qlib_baseline/outputs/factor_evaluation_batch_v1/alpha158_remaining138/runs/batch_014/qlib_eval/alpha158_VSUMN20
batch_014,remaining138,qlib_eval,alpha158_VSUMN30,pass,4,0,E:/qlib_prj/qlib_baseline/outputs/factor_evaluation_batch_v1/alpha158_remaining138/runs/batch_014/qlib_eval/alpha158_VSUMN30
batch_014,remaining138,qlib_eval,alpha158_VSUMN60,pass,4,0,E:/qlib_prj/qlib_baseline/outputs/factor_evaluation_batch_v1/alpha158_remaining138/runs/batch_014/qlib_eval/alpha158_VSUMN60
batch_014,remaining138,qlib_eval,alpha158_VSUMD5,pass,4,0,E:/qlib_prj/qlib_baseline/outputs/factor_evaluation_batch_v1/alpha158_remaining138/runs/batch_014/qlib_eval/alpha158_VSUMD5
batch_014,remaining138,qlib_eval,alpha158_VSUMD10,pass,4,0,E:/qlib_prj/qlib_baseline/outputs/factor_evaluation_batch_v1/alpha158_remaining138/runs/batch_014/qlib_eval/alpha158_VSUMD10
batch_014,remaining138,qlib_eval,alpha158_VSUMD20,pass,4,0,E:/qlib_prj/qlib_baseline/outputs/factor_evaluation_batch_v1/alpha158_remaining138/runs/batch_014/qlib_eval/alpha158_VSUMD20
batch_014,remaining138,qlib_eval,alpha158_VSUMD30,pass,4,0,E:/qlib_prj/qlib_baseline/outputs/factor_evaluation_batch_v1/alpha158_remaining138/runs/batch_014/qlib_eval/alpha158_VSUMD30
batch_014,remaining138,qlib_eval,alpha158_VSUMD60,pass,4,0,E:/qlib_prj/qlib_baseline/outputs/factor_evaluation_batch_v1/alpha158_remaining138/runs/batch_014/qlib_eval/alpha158_VSUMD60
