factor_name,catalog_name,category,expression,required_fields,missing_fields,field_status,source_project,source_file,source_function,source_commit,source_path
KMID,alpha158_KMID,kbar,($close-$open)/$open,"$close,$open",,available,qlib_alpha158,qlib/contrib/data/loader.py,Alpha158DL.get_feature_config,d5379c520f66a39953bad76234a7019a72796fd0,E:/qlib_prj/qlib_clone/qlib/contrib/data/loader.py
KLEN,alpha158_KLEN,kbar,($high-$low)/$open,"$high,$low,$open",,available,qlib_alpha158,qlib/contrib/data/loader.py,Alpha158DL.get_feature_config,d5379c520f66a39953bad76234a7019a72796fd0,E:/qlib_prj/qlib_clone/qlib/contrib/data/loader.py
KMID2,alpha158_KMID2,kbar,($close-$open)/($high-$low+1e-12),"$close,$high,$low,$open",,available,qlib_alpha158,qlib/contrib/data/loader.py,Alpha158DL.get_feature_config,d5379c520f66a39953bad76234a7019a72796fd0,E:/qlib_prj/qlib_clone/qlib/contrib/data/loader.py
KUP,alpha158_KUP,kbar,"($high-Greater($open, $close))/$open","$close,$high,$open",,available,qlib_alpha158,qlib/contrib/data/loader.py,Alpha158DL.get_feature_config,d5379c520f66a39953bad76234a7019a72796fd0,E:/qlib_prj/qlib_clone/qlib/contrib/data/loader.py
KUP2,alpha158_KUP2,kbar,"($high-Greater($open, $close))/($high-$low+1e-12)","$close,$high,$low,$open",,available,qlib_alpha158,qlib/contrib/data/loader.py,Alpha158DL.get_feature_config,d5379c520f66a39953bad76234a7019a72796fd0,E:/qlib_prj/qlib_clone/qlib/contrib/data/loader.py
KLOW,alpha158_KLOW,kbar,"(Less($open, $close)-$low)/$open","$close,$low,$open",,available,qlib_alpha158,qlib/contrib/data/loader.py,Alpha158DL.get_feature_config,d5379c520f66a39953bad76234a7019a72796fd0,E:/qlib_prj/qlib_clone/qlib/contrib/data/loader.py
KLOW2,alpha158_KLOW2,kbar,"(Less($open, $close)-$low)/($high-$low+1e-12)","$close,$high,$low,$open",,available,qlib_alpha158,qlib/contrib/data/loader.py,Alpha158DL.get_feature_config,d5379c520f66a39953bad76234a7019a72796fd0,E:/qlib_prj/qlib_clone/qlib/contrib/data/loader.py
KSFT,alpha158_KSFT,kbar,(2*$close-$high-$low)/$open,"$close,$high,$low,$open",,available,qlib_alpha158,qlib/contrib/data/loader.py,Alpha158DL.get_feature_config,d5379c520f66a39953bad76234a7019a72796fd0,E:/qlib_prj/qlib_clone/qlib/contrib/data/loader.py
KSFT2,alpha158_KSFT2,kbar,(2*$close-$high-$low)/($high-$low+1e-12),"$close,$high,$low",,available,qlib_alpha158,qlib/contrib/data/loader.py,Alpha158DL.get_feature_config,d5379c520f66a39953bad76234a7019a72796fd0,E:/qlib_prj/qlib_clone/qlib/contrib/data/loader.py
OPEN0,alpha158_OPEN0,price_volume_lag,$open/$close,"$close,$open",,available,qlib_alpha158,qlib/contrib/data/loader.py,Alpha158DL.get_feature_config,d5379c520f66a39953bad76234a7019a72796fd0,E:/qlib_prj/qlib_clone/qlib/contrib/data/loader.py
HIGH0,alpha158_HIGH0,price_volume_lag,$high/$close,"$close,$high",,available,qlib_alpha158,qlib/contrib/data/loader.py,Alpha158DL.get_feature_config,d5379c520f66a39953bad76234a7019a72796fd0,E:/qlib_prj/qlib_clone/qlib/contrib/data/loader.py
LOW0,alpha158_LOW0,price_volume_lag,$low/$close,"$close,$low",,available,qlib_alpha158,qlib/contrib/data/loader.py,Alpha158DL.get_feature_config,d5379c520f66a39953bad76234a7019a72796fd0,E:/qlib_prj/qlib_clone/qlib/contrib/data/loader.py
VWAP0,alpha158_VWAP0,price_volume_lag,$vwap/$close,"$close,$vwap",,available,qlib_alpha158,qlib/contrib/data/loader.py,Alpha158DL.get_feature_config,d5379c520f66a39953bad76234a7019a72796fd0,E:/qlib_prj/qlib_clone/qlib/contrib/data/loader.py
ROC5,alpha158_ROC5,rolling_price,"Ref($close, 5)/$close",$close,,available,qlib_alpha158,qlib/contrib/data/loader.py,Alpha158DL.get_feature_config,d5379c520f66a39953bad76234a7019a72796fd0,E:/qlib_prj/qlib_clone/qlib/contrib/data/loader.py
ROC10,alpha158_ROC10,rolling_price,"Ref($close, 10)/$close",$close,,available,qlib_alpha158,qlib/contrib/data/loader.py,Alpha158DL.get_feature_config,d5379c520f66a39953bad76234a7019a72796fd0,E:/qlib_prj/qlib_clone/qlib/contrib/data/loader.py
ROC20,alpha158_ROC20,rolling_price,"Ref($close, 20)/$close",$close,,available,qlib_alpha158,qlib/contrib/data/loader.py,Alpha158DL.get_feature_config,d5379c520f66a39953bad76234a7019a72796fd0,E:/qlib_prj/qlib_clone/qlib/contrib/data/loader.py
ROC30,alpha158_ROC30,rolling_price,"Ref($close, 30)/$close",$close,,available,qlib_alpha158,qlib/contrib/data/loader.py,Alpha158DL.get_feature_config,d5379c520f66a39953bad76234a7019a72796fd0,E:/qlib_prj/qlib_clone/qlib/contrib/data/loader.py
ROC60,alpha158_ROC60,rolling_price,"Ref($close, 60)/$close",$close,,available,qlib_alpha158,qlib/contrib/data/loader.py,Alpha158DL.get_feature_config,d5379c520f66a39953bad76234a7019a72796fd0,E:/qlib_prj/qlib_clone/qlib/contrib/data/loader.py
MA5,alpha158_MA5,rolling_price,"Mean($close, 5)/$close",$close,,available,qlib_alpha158,qlib/contrib/data/loader.py,Alpha158DL.get_feature_config,d5379c520f66a39953bad76234a7019a72796fd0,E:/qlib_prj/qlib_clone/qlib/contrib/data/loader.py
MA10,alpha158_MA10,rolling_price,"Mean($close, 10)/$close",$close,,available,qlib_alpha158,qlib/contrib/data/loader.py,Alpha158DL.get_feature_config,d5379c520f66a39953bad76234a7019a72796fd0,E:/qlib_prj/qlib_clone/qlib/contrib/data/loader.py
MA20,alpha158_MA20,rolling_price,"Mean($close, 20)/$close",$close,,available,qlib_alpha158,qlib/contrib/data/loader.py,Alpha158DL.get_feature_config,d5379c520f66a39953bad76234a7019a72796fd0,E:/qlib_prj/qlib_clone/qlib/contrib/data/loader.py
MA30,alpha158_MA30,rolling_price,"Mean($close, 30)/$close",$close,,available,qlib_alpha158,qlib/contrib/data/loader.py,Alpha158DL.get_feature_config,d5379c520f66a39953bad76234a7019a72796fd0,E:/qlib_prj/qlib_clone/qlib/contrib/data/loader.py
MA60,alpha158_MA60,rolling_price,"Mean($close, 60)/$close",$close,,available,qlib_alpha158,qlib/contrib/data/loader.py,Alpha158DL.get_feature_config,d5379c520f66a39953bad76234a7019a72796fd0,E:/qlib_prj/qlib_clone/qlib/contrib/data/loader.py
STD5,alpha158_STD5,rolling_price,"Std($close, 5)/$close",$close,,available,qlib_alpha158,qlib/contrib/data/loader.py,Alpha158DL.get_feature_config,d5379c520f66a39953bad76234a7019a72796fd0,E:/qlib_prj/qlib_clone/qlib/contrib/data/loader.py
STD10,alpha158_STD10,rolling_price,"Std($close, 10)/$close",$close,,available,qlib_alpha158,qlib/contrib/data/loader.py,Alpha158DL.get_feature_config,d5379c520f66a39953bad76234a7019a72796fd0,E:/qlib_prj/qlib_clone/qlib/contrib/data/loader.py
STD20,alpha158_STD20,rolling_price,"Std($close, 20)/$close",$close,,available,qlib_alpha158,qlib/contrib/data/loader.py,Alpha158DL.get_feature_config,d5379c520f66a39953bad76234a7019a72796fd0,E:/qlib_prj/qlib_clone/qlib/contrib/data/loader.py
STD30,alpha158_STD30,rolling_price,"Std($close, 30)/$close",$close,,available,qlib_alpha158,qlib/contrib/data/loader.py,Alpha158DL.get_feature_config,d5379c520f66a39953bad76234a7019a72796fd0,E:/qlib_prj/qlib_clone/qlib/contrib/data/loader.py
STD60,alpha158_STD60,rolling_price,"Std($close, 60)/$close",$close,,available,qlib_alpha158,qlib/contrib/data/loader.py,Alpha158DL.get_feature_config,d5379c520f66a39953bad76234a7019a72796fd0,E:/qlib_prj/qlib_clone/qlib/contrib/data/loader.py
BETA5,alpha158_BETA5,rolling_price,"Slope($close, 5)/$close",$close,,available,qlib_alpha158,qlib/contrib/data/loader.py,Alpha158DL.get_feature_config,d5379c520f66a39953bad76234a7019a72796fd0,E:/qlib_prj/qlib_clone/qlib/contrib/data/loader.py
BETA10,alpha158_BETA10,rolling_price,"Slope($close, 10)/$close",$close,,available,qlib_alpha158,qlib/contrib/data/loader.py,Alpha158DL.get_feature_config,d5379c520f66a39953bad76234a7019a72796fd0,E:/qlib_prj/qlib_clone/qlib/contrib/data/loader.py
BETA20,alpha158_BETA20,rolling_price,"Slope($close, 20)/$close",$close,,available,qlib_alpha158,qlib/contrib/data/loader.py,Alpha158DL.get_feature_config,d5379c520f66a39953bad76234a7019a72796fd0,E:/qlib_prj/qlib_clone/qlib/contrib/data/loader.py
BETA30,alpha158_BETA30,rolling_price,"Slope($close, 30)/$close",$close,,available,qlib_alpha158,qlib/contrib/data/loader.py,Alpha158DL.get_feature_config,d5379c520f66a39953bad76234a7019a72796fd0,E:/qlib_prj/qlib_clone/qlib/contrib/data/loader.py
BETA60,alpha158_BETA60,rolling_price,"Slope($close, 60)/$close",$close,,available,qlib_alpha158,qlib/contrib/data/loader.py,Alpha158DL.get_feature_config,d5379c520f66a39953bad76234a7019a72796fd0,E:/qlib_prj/qlib_clone/qlib/contrib/data/loader.py
RSQR5,alpha158_RSQR5,rolling_price,"Rsquare($close, 5)",$close,,available,qlib_alpha158,qlib/contrib/data/loader.py,Alpha158DL.get_feature_config,d5379c520f66a39953bad76234a7019a72796fd0,E:/qlib_prj/qlib_clone/qlib/contrib/data/loader.py
RSQR10,alpha158_RSQR10,rolling_price,"Rsquare($close, 10)",$close,,available,qlib_alpha158,qlib/contrib/data/loader.py,Alpha158DL.get_feature_config,d5379c520f66a39953bad76234a7019a72796fd0,E:/qlib_prj/qlib_clone/qlib/contrib/data/loader.py
RSQR20,alpha158_RSQR20,rolling_price,"Rsquare($close, 20)",$close,,available,qlib_alpha158,qlib/contrib/data/loader.py,Alpha158DL.get_feature_config,d5379c520f66a39953bad76234a7019a72796fd0,E:/qlib_prj/qlib_clone/qlib/contrib/data/loader.py
RSQR30,alpha158_RSQR30,rolling_price,"Rsquare($close, 30)",$close,,available,qlib_alpha158,qlib/contrib/data/loader.py,Alpha158DL.get_feature_config,d5379c520f66a39953bad76234a7019a72796fd0,E:/qlib_prj/qlib_clone/qlib/contrib/data/loader.py
RSQR60,alpha158_RSQR60,rolling_price,"Rsquare($close, 60)",$close,,available,qlib_alpha158,qlib/contrib/data/loader.py,Alpha158DL.get_feature_config,d5379c520f66a39953bad76234a7019a72796fd0,E:/qlib_prj/qlib_clone/qlib/contrib/data/loader.py
RESI5,alpha158_RESI5,rolling_price,"Resi($close, 5)/$close",$close,,available,qlib_alpha158,qlib/contrib/data/loader.py,Alpha158DL.get_feature_config,d5379c520f66a39953bad76234a7019a72796fd0,E:/qlib_prj/qlib_clone/qlib/contrib/data/loader.py
RESI10,alpha158_RESI10,rolling_price,"Resi($close, 10)/$close",$close,,available,qlib_alpha158,qlib/contrib/data/loader.py,Alpha158DL.get_feature_config,d5379c520f66a39953bad76234a7019a72796fd0,E:/qlib_prj/qlib_clone/qlib/contrib/data/loader.py
RESI20,alpha158_RESI20,rolling_price,"Resi($close, 20)/$close",$close,,available,qlib_alpha158,qlib/contrib/data/loader.py,Alpha158DL.get_feature_config,d5379c520f66a39953bad76234a7019a72796fd0,E:/qlib_prj/qlib_clone/qlib/contrib/data/loader.py
RESI30,alpha158_RESI30,rolling_price,"Resi($close, 30)/$close",$close,,available,qlib_alpha158,qlib/contrib/data/loader.py,Alpha158DL.get_feature_config,d5379c520f66a39953bad76234a7019a72796fd0,E:/qlib_prj/qlib_clone/qlib/contrib/data/loader.py
RESI60,alpha158_RESI60,rolling_price,"Resi($close, 60)/$close",$close,,available,qlib_alpha158,qlib/contrib/data/loader.py,Alpha158DL.get_feature_config,d5379c520f66a39953bad76234a7019a72796fd0,E:/qlib_prj/qlib_clone/qlib/contrib/data/loader.py
MAX5,alpha158_MAX5,rolling_price,"Max($high, 5)/$close","$close,$high",,available,qlib_alpha158,qlib/contrib/data/loader.py,Alpha158DL.get_feature_config,d5379c520f66a39953bad76234a7019a72796fd0,E:/qlib_prj/qlib_clone/qlib/contrib/data/loader.py
MAX10,alpha158_MAX10,rolling_price,"Max($high, 10)/$close","$close,$high",,available,qlib_alpha158,qlib/contrib/data/loader.py,Alpha158DL.get_feature_config,d5379c520f66a39953bad76234a7019a72796fd0,E:/qlib_prj/qlib_clone/qlib/contrib/data/loader.py
MAX20,alpha158_MAX20,rolling_price,"Max($high, 20)/$close","$close,$high",,available,qlib_alpha158,qlib/contrib/data/loader.py,Alpha158DL.get_feature_config,d5379c520f66a39953bad76234a7019a72796fd0,E:/qlib_prj/qlib_clone/qlib/contrib/data/loader.py
MAX30,alpha158_MAX30,rolling_price,"Max($high, 30)/$close","$close,$high",,available,qlib_alpha158,qlib/contrib/data/loader.py,Alpha158DL.get_feature_config,d5379c520f66a39953bad76234a7019a72796fd0,E:/qlib_prj/qlib_clone/qlib/contrib/data/loader.py
MAX60,alpha158_MAX60,rolling_price,"Max($high, 60)/$close","$close,$high",,available,qlib_alpha158,qlib/contrib/data/loader.py,Alpha158DL.get_feature_config,d5379c520f66a39953bad76234a7019a72796fd0,E:/qlib_prj/qlib_clone/qlib/contrib/data/loader.py
MIN5,alpha158_MIN5,rolling_price,"Min($low, 5)/$close","$close,$low",,available,qlib_alpha158,qlib/contrib/data/loader.py,Alpha158DL.get_feature_config,d5379c520f66a39953bad76234a7019a72796fd0,E:/qlib_prj/qlib_clone/qlib/contrib/data/loader.py
MIN10,alpha158_MIN10,rolling_price,"Min($low, 10)/$close","$close,$low",,available,qlib_alpha158,qlib/contrib/data/loader.py,Alpha158DL.get_feature_config,d5379c520f66a39953bad76234a7019a72796fd0,E:/qlib_prj/qlib_clone/qlib/contrib/data/loader.py
MIN20,alpha158_MIN20,rolling_price,"Min($low, 20)/$close","$close,$low",,available,qlib_alpha158,qlib/contrib/data/loader.py,Alpha158DL.get_feature_config,d5379c520f66a39953bad76234a7019a72796fd0,E:/qlib_prj/qlib_clone/qlib/contrib/data/loader.py
MIN30,alpha158_MIN30,rolling_price,"Min($low, 30)/$close","$close,$low",,available,qlib_alpha158,qlib/contrib/data/loader.py,Alpha158DL.get_feature_config,d5379c520f66a39953bad76234a7019a72796fd0,E:/qlib_prj/qlib_clone/qlib/contrib/data/loader.py
MIN60,alpha158_MIN60,rolling_price,"Min($low, 60)/$close","$close,$low",,available,qlib_alpha158,qlib/contrib/data/loader.py,Alpha158DL.get_feature_config,d5379c520f66a39953bad76234a7019a72796fd0,E:/qlib_prj/qlib_clone/qlib/contrib/data/loader.py
QTLU5,alpha158_QTLU5,rolling_price,"Quantile($close, 5, 0.8)/$close",$close,,available,qlib_alpha158,qlib/contrib/data/loader.py,Alpha158DL.get_feature_config,d5379c520f66a39953bad76234a7019a72796fd0,E:/qlib_prj/qlib_clone/qlib/contrib/data/loader.py
QTLU10,alpha158_QTLU10,rolling_price,"Quantile($close, 10, 0.8)/$close",$close,,available,qlib_alpha158,qlib/contrib/data/loader.py,Alpha158DL.get_feature_config,d5379c520f66a39953bad76234a7019a72796fd0,E:/qlib_prj/qlib_clone/qlib/contrib/data/loader.py
QTLU20,alpha158_QTLU20,rolling_price,"Quantile($close, 20, 0.8)/$close",$close,,available,qlib_alpha158,qlib/contrib/data/loader.py,Alpha158DL.get_feature_config,d5379c520f66a39953bad76234a7019a72796fd0,E:/qlib_prj/qlib_clone/qlib/contrib/data/loader.py
QTLU30,alpha158_QTLU30,rolling_price,"Quantile($close, 30, 0.8)/$close",$close,,available,qlib_alpha158,qlib/contrib/data/loader.py,Alpha158DL.get_feature_config,d5379c520f66a39953bad76234a7019a72796fd0,E:/qlib_prj/qlib_clone/qlib/contrib/data/loader.py
QTLU60,alpha158_QTLU60,rolling_price,"Quantile($close, 60, 0.8)/$close",$close,,available,qlib_alpha158,qlib/contrib/data/loader.py,Alpha158DL.get_feature_config,d5379c520f66a39953bad76234a7019a72796fd0,E:/qlib_prj/qlib_clone/qlib/contrib/data/loader.py
QTLD5,alpha158_QTLD5,rolling_price,"Quantile($close, 5, 0.2)/$close",$close,,available,qlib_alpha158,qlib/contrib/data/loader.py,Alpha158DL.get_feature_config,d5379c520f66a39953bad76234a7019a72796fd0,E:/qlib_prj/qlib_clone/qlib/contrib/data/loader.py
QTLD10,alpha158_QTLD10,rolling_price,"Quantile($close, 10, 0.2)/$close",$close,,available,qlib_alpha158,qlib/contrib/data/loader.py,Alpha158DL.get_feature_config,d5379c520f66a39953bad76234a7019a72796fd0,E:/qlib_prj/qlib_clone/qlib/contrib/data/loader.py
QTLD20,alpha158_QTLD20,rolling_price,"Quantile($close, 20, 0.2)/$close",$close,,available,qlib_alpha158,qlib/contrib/data/loader.py,Alpha158DL.get_feature_config,d5379c520f66a39953bad76234a7019a72796fd0,E:/qlib_prj/qlib_clone/qlib/contrib/data/loader.py
QTLD30,alpha158_QTLD30,rolling_price,"Quantile($close, 30, 0.2)/$close",$close,,available,qlib_alpha158,qlib/contrib/data/loader.py,Alpha158DL.get_feature_config,d5379c520f66a39953bad76234a7019a72796fd0,E:/qlib_prj/qlib_clone/qlib/contrib/data/loader.py
QTLD60,alpha158_QTLD60,rolling_price,"Quantile($close, 60, 0.2)/$close",$close,,available,qlib_alpha158,qlib/contrib/data/loader.py,Alpha158DL.get_feature_config,d5379c520f66a39953bad76234a7019a72796fd0,E:/qlib_prj/qlib_clone/qlib/contrib/data/loader.py
RANK5,alpha158_RANK5,rolling_price,"Rank($close, 5)",$close,,available,qlib_alpha158,qlib/contrib/data/loader.py,Alpha158DL.get_feature_config,d5379c520f66a39953bad76234a7019a72796fd0,E:/qlib_prj/qlib_clone/qlib/contrib/data/loader.py
RANK10,alpha158_RANK10,rolling_price,"Rank($close, 10)",$close,,available,qlib_alpha158,qlib/contrib/data/loader.py,Alpha158DL.get_feature_config,d5379c520f66a39953bad76234a7019a72796fd0,E:/qlib_prj/qlib_clone/qlib/contrib/data/loader.py
RANK20,alpha158_RANK20,rolling_price,"Rank($close, 20)",$close,,available,qlib_alpha158,qlib/contrib/data/loader.py,Alpha158DL.get_feature_config,d5379c520f66a39953bad76234a7019a72796fd0,E:/qlib_prj/qlib_clone/qlib/contrib/data/loader.py
RANK30,alpha158_RANK30,rolling_price,"Rank($close, 30)",$close,,available,qlib_alpha158,qlib/contrib/data/loader.py,Alpha158DL.get_feature_config,d5379c520f66a39953bad76234a7019a72796fd0,E:/qlib_prj/qlib_clone/qlib/contrib/data/loader.py
RANK60,alpha158_RANK60,rolling_price,"Rank($close, 60)",$close,,available,qlib_alpha158,qlib/contrib/data/loader.py,Alpha158DL.get_feature_config,d5379c520f66a39953bad76234a7019a72796fd0,E:/qlib_prj/qlib_clone/qlib/contrib/data/loader.py
RSV5,alpha158_RSV5,rolling_price,"($close-Min($low, 5))/(Max($high, 5)-Min($low, 5)+1e-12)","$close,$high,$low",,available,qlib_alpha158,qlib/contrib/data/loader.py,Alpha158DL.get_feature_config,d5379c520f66a39953bad76234a7019a72796fd0,E:/qlib_prj/qlib_clone/qlib/contrib/data/loader.py
RSV10,alpha158_RSV10,rolling_price,"($close-Min($low, 10))/(Max($high, 10)-Min($low, 10)+1e-12)","$close,$high,$low",,available,qlib_alpha158,qlib/contrib/data/loader.py,Alpha158DL.get_feature_config,d5379c520f66a39953bad76234a7019a72796fd0,E:/qlib_prj/qlib_clone/qlib/contrib/data/loader.py
RSV20,alpha158_RSV20,rolling_price,"($close-Min($low, 20))/(Max($high, 20)-Min($low, 20)+1e-12)","$close,$high,$low",,available,qlib_alpha158,qlib/contrib/data/loader.py,Alpha158DL.get_feature_config,d5379c520f66a39953bad76234a7019a72796fd0,E:/qlib_prj/qlib_clone/qlib/contrib/data/loader.py
RSV30,alpha158_RSV30,rolling_price,"($close-Min($low, 30))/(Max($high, 30)-Min($low, 30)+1e-12)","$close,$high,$low",,available,qlib_alpha158,qlib/contrib/data/loader.py,Alpha158DL.get_feature_config,d5379c520f66a39953bad76234a7019a72796fd0,E:/qlib_prj/qlib_clone/qlib/contrib/data/loader.py
RSV60,alpha158_RSV60,rolling_price,"($close-Min($low, 60))/(Max($high, 60)-Min($low, 60)+1e-12)","$close,$high,$low",,available,qlib_alpha158,qlib/contrib/data/loader.py,Alpha158DL.get_feature_config,d5379c520f66a39953bad76234a7019a72796fd0,E:/qlib_prj/qlib_clone/qlib/contrib/data/loader.py
IMAX5,alpha158_IMAX5,rolling_price,"IdxMax($high, 5)/5",$high,,available,qlib_alpha158,qlib/contrib/data/loader.py,Alpha158DL.get_feature_config,d5379c520f66a39953bad76234a7019a72796fd0,E:/qlib_prj/qlib_clone/qlib/contrib/data/loader.py
IMAX10,alpha158_IMAX10,rolling_price,"IdxMax($high, 10)/10",$high,,available,qlib_alpha158,qlib/contrib/data/loader.py,Alpha158DL.get_feature_config,d5379c520f66a39953bad76234a7019a72796fd0,E:/qlib_prj/qlib_clone/qlib/contrib/data/loader.py
IMAX20,alpha158_IMAX20,rolling_price,"IdxMax($high, 20)/20",$high,,available,qlib_alpha158,qlib/contrib/data/loader.py,Alpha158DL.get_feature_config,d5379c520f66a39953bad76234a7019a72796fd0,E:/qlib_prj/qlib_clone/qlib/contrib/data/loader.py
IMAX30,alpha158_IMAX30,rolling_price,"IdxMax($high, 30)/30",$high,,available,qlib_alpha158,qlib/contrib/data/loader.py,Alpha158DL.get_feature_config,d5379c520f66a39953bad76234a7019a72796fd0,E:/qlib_prj/qlib_clone/qlib/contrib/data/loader.py
IMAX60,alpha158_IMAX60,rolling_price,"IdxMax($high, 60)/60",$high,,available,qlib_alpha158,qlib/contrib/data/loader.py,Alpha158DL.get_feature_config,d5379c520f66a39953bad76234a7019a72796fd0,E:/qlib_prj/qlib_clone/qlib/contrib/data/loader.py
IMIN5,alpha158_IMIN5,rolling_price,"IdxMin($low, 5)/5",$low,,available,qlib_alpha158,qlib/contrib/data/loader.py,Alpha158DL.get_feature_config,d5379c520f66a39953bad76234a7019a72796fd0,E:/qlib_prj/qlib_clone/qlib/contrib/data/loader.py
IMIN10,alpha158_IMIN10,rolling_price,"IdxMin($low, 10)/10",$low,,available,qlib_alpha158,qlib/contrib/data/loader.py,Alpha158DL.get_feature_config,d5379c520f66a39953bad76234a7019a72796fd0,E:/qlib_prj/qlib_clone/qlib/contrib/data/loader.py
IMIN20,alpha158_IMIN20,rolling_price,"IdxMin($low, 20)/20",$low,,available,qlib_alpha158,qlib/contrib/data/loader.py,Alpha158DL.get_feature_config,d5379c520f66a39953bad76234a7019a72796fd0,E:/qlib_prj/qlib_clone/qlib/contrib/data/loader.py
IMIN30,alpha158_IMIN30,rolling_price,"IdxMin($low, 30)/30",$low,,available,qlib_alpha158,qlib/contrib/data/loader.py,Alpha158DL.get_feature_config,d5379c520f66a39953bad76234a7019a72796fd0,E:/qlib_prj/qlib_clone/qlib/contrib/data/loader.py
IMIN60,alpha158_IMIN60,rolling_price,"IdxMin($low, 60)/60",$low,,available,qlib_alpha158,qlib/contrib/data/loader.py,Alpha158DL.get_feature_config,d5379c520f66a39953bad76234a7019a72796fd0,E:/qlib_prj/qlib_clone/qlib/contrib/data/loader.py
IMXD5,alpha158_IMXD5,rolling_price,"(IdxMax($high, 5)-IdxMin($low, 5))/5","$high,$low",,available,qlib_alpha158,qlib/contrib/data/loader.py,Alpha158DL.get_feature_config,d5379c520f66a39953bad76234a7019a72796fd0,E:/qlib_prj/qlib_clone/qlib/contrib/data/loader.py
IMXD10,alpha158_IMXD10,rolling_price,"(IdxMax($high, 10)-IdxMin($low, 10))/10","$high,$low",,available,qlib_alpha158,qlib/contrib/data/loader.py,Alpha158DL.get_feature_config,d5379c520f66a39953bad76234a7019a72796fd0,E:/qlib_prj/qlib_clone/qlib/contrib/data/loader.py
IMXD20,alpha158_IMXD20,rolling_price,"(IdxMax($high, 20)-IdxMin($low, 20))/20","$high,$low",,available,qlib_alpha158,qlib/contrib/data/loader.py,Alpha158DL.get_feature_config,d5379c520f66a39953bad76234a7019a72796fd0,E:/qlib_prj/qlib_clone/qlib/contrib/data/loader.py
IMXD30,alpha158_IMXD30,rolling_price,"(IdxMax($high, 30)-IdxMin($low, 30))/30","$high,$low",,available,qlib_alpha158,qlib/contrib/data/loader.py,Alpha158DL.get_feature_config,d5379c520f66a39953bad76234a7019a72796fd0,E:/qlib_prj/qlib_clone/qlib/contrib/data/loader.py
IMXD60,alpha158_IMXD60,rolling_price,"(IdxMax($high, 60)-IdxMin($low, 60))/60","$high,$low",,available,qlib_alpha158,qlib/contrib/data/loader.py,Alpha158DL.get_feature_config,d5379c520f66a39953bad76234a7019a72796fd0,E:/qlib_prj/qlib_clone/qlib/contrib/data/loader.py
CORR5,alpha158_CORR5,price_volume_correlation,"Corr($close, Log($volume+1), 5)","$close,$volume",,available,qlib_alpha158,qlib/contrib/data/loader.py,Alpha158DL.get_feature_config,d5379c520f66a39953bad76234a7019a72796fd0,E:/qlib_prj/qlib_clone/qlib/contrib/data/loader.py
CORR10,alpha158_CORR10,price_volume_correlation,"Corr($close, Log($volume+1), 10)","$close,$volume",,available,qlib_alpha158,qlib/contrib/data/loader.py,Alpha158DL.get_feature_config,d5379c520f66a39953bad76234a7019a72796fd0,E:/qlib_prj/qlib_clone/qlib/contrib/data/loader.py
CORR20,alpha158_CORR20,price_volume_correlation,"Corr($close, Log($volume+1), 20)","$close,$volume",,available,qlib_alpha158,qlib/contrib/data/loader.py,Alpha158DL.get_feature_config,d5379c520f66a39953bad76234a7019a72796fd0,E:/qlib_prj/qlib_clone/qlib/contrib/data/loader.py
CORR30,alpha158_CORR30,price_volume_correlation,"Corr($close, Log($volume+1), 30)","$close,$volume",,available,qlib_alpha158,qlib/contrib/data/loader.py,Alpha158DL.get_feature_config,d5379c520f66a39953bad76234a7019a72796fd0,E:/qlib_prj/qlib_clone/qlib/contrib/data/loader.py
CORR60,alpha158_CORR60,price_volume_correlation,"Corr($close, Log($volume+1), 60)","$close,$volume",,available,qlib_alpha158,qlib/contrib/data/loader.py,Alpha158DL.get_feature_config,d5379c520f66a39953bad76234a7019a72796fd0,E:/qlib_prj/qlib_clone/qlib/contrib/data/loader.py
CORD5,alpha158_CORD5,price_volume_correlation,"Corr($close/Ref($close,1), Log($volume/Ref($volume, 1)+1), 5)","$close,$volume",,available,qlib_alpha158,qlib/contrib/data/loader.py,Alpha158DL.get_feature_config,d5379c520f66a39953bad76234a7019a72796fd0,E:/qlib_prj/qlib_clone/qlib/contrib/data/loader.py
CORD10,alpha158_CORD10,price_volume_correlation,"Corr($close/Ref($close,1), Log($volume/Ref($volume, 1)+1), 10)","$close,$volume",,available,qlib_alpha158,qlib/contrib/data/loader.py,Alpha158DL.get_feature_config,d5379c520f66a39953bad76234a7019a72796fd0,E:/qlib_prj/qlib_clone/qlib/contrib/data/loader.py
CORD20,alpha158_CORD20,price_volume_correlation,"Corr($close/Ref($close,1), Log($volume/Ref($volume, 1)+1), 20)","$close,$volume",,available,qlib_alpha158,qlib/contrib/data/loader.py,Alpha158DL.get_feature_config,d5379c520f66a39953bad76234a7019a72796fd0,E:/qlib_prj/qlib_clone/qlib/contrib/data/loader.py
CORD30,alpha158_CORD30,price_volume_correlation,"Corr($close/Ref($close,1), Log($volume/Ref($volume, 1)+1), 30)","$close,$volume",,available,qlib_alpha158,qlib/contrib/data/loader.py,Alpha158DL.get_feature_config,d5379c520f66a39953bad76234a7019a72796fd0,E:/qlib_prj/qlib_clone/qlib/contrib/data/loader.py
CORD60,alpha158_CORD60,price_volume_correlation,"Corr($close/Ref($close,1), Log($volume/Ref($volume, 1)+1), 60)","$close,$volume",,available,qlib_alpha158,qlib/contrib/data/loader.py,Alpha158DL.get_feature_config,d5379c520f66a39953bad76234a7019a72796fd0,E:/qlib_prj/qlib_clone/qlib/contrib/data/loader.py
CNTP5,alpha158_CNTP5,price_momentum_balance,"Mean($close>Ref($close, 1), 5)",$close,,available,qlib_alpha158,qlib/contrib/data/loader.py,Alpha158DL.get_feature_config,d5379c520f66a39953bad76234a7019a72796fd0,E:/qlib_prj/qlib_clone/qlib/contrib/data/loader.py
CNTP10,alpha158_CNTP10,price_momentum_balance,"Mean($close>Ref($close, 1), 10)",$close,,available,qlib_alpha158,qlib/contrib/data/loader.py,Alpha158DL.get_feature_config,d5379c520f66a39953bad76234a7019a72796fd0,E:/qlib_prj/qlib_clone/qlib/contrib/data/loader.py
CNTP20,alpha158_CNTP20,price_momentum_balance,"Mean($close>Ref($close, 1), 20)",$close,,available,qlib_alpha158,qlib/contrib/data/loader.py,Alpha158DL.get_feature_config,d5379c520f66a39953bad76234a7019a72796fd0,E:/qlib_prj/qlib_clone/qlib/contrib/data/loader.py
CNTP30,alpha158_CNTP30,price_momentum_balance,"Mean($close>Ref($close, 1), 30)",$close,,available,qlib_alpha158,qlib/contrib/data/loader.py,Alpha158DL.get_feature_config,d5379c520f66a39953bad76234a7019a72796fd0,E:/qlib_prj/qlib_clone/qlib/contrib/data/loader.py
CNTP60,alpha158_CNTP60,price_momentum_balance,"Mean($close>Ref($close, 1), 60)",$close,,available,qlib_alpha158,qlib/contrib/data/loader.py,Alpha158DL.get_feature_config,d5379c520f66a39953bad76234a7019a72796fd0,E:/qlib_prj/qlib_clone/qlib/contrib/data/loader.py
CNTN5,alpha158_CNTN5,price_momentum_balance,"Mean($close<Ref($close, 1), 5)",$close,,available,qlib_alpha158,qlib/contrib/data/loader.py,Alpha158DL.get_feature_config,d5379c520f66a39953bad76234a7019a72796fd0,E:/qlib_prj/qlib_clone/qlib/contrib/data/loader.py
CNTN10,alpha158_CNTN10,price_momentum_balance,"Mean($close<Ref($close, 1), 10)",$close,,available,qlib_alpha158,qlib/contrib/data/loader.py,Alpha158DL.get_feature_config,d5379c520f66a39953bad76234a7019a72796fd0,E:/qlib_prj/qlib_clone/qlib/contrib/data/loader.py
CNTN20,alpha158_CNTN20,price_momentum_balance,"Mean($close<Ref($close, 1), 20)",$close,,available,qlib_alpha158,qlib/contrib/data/loader.py,Alpha158DL.get_feature_config,d5379c520f66a39953bad76234a7019a72796fd0,E:/qlib_prj/qlib_clone/qlib/contrib/data/loader.py
CNTN30,alpha158_CNTN30,price_momentum_balance,"Mean($close<Ref($close, 1), 30)",$close,,available,qlib_alpha158,qlib/contrib/data/loader.py,Alpha158DL.get_feature_config,d5379c520f66a39953bad76234a7019a72796fd0,E:/qlib_prj/qlib_clone/qlib/contrib/data/loader.py
CNTN60,alpha158_CNTN60,price_momentum_balance,"Mean($close<Ref($close, 1), 60)",$close,,available,qlib_alpha158,qlib/contrib/data/loader.py,Alpha158DL.get_feature_config,d5379c520f66a39953bad76234a7019a72796fd0,E:/qlib_prj/qlib_clone/qlib/contrib/data/loader.py
CNTD5,alpha158_CNTD5,price_momentum_balance,"Mean($close>Ref($close, 1), 5)-Mean($close<Ref($close, 1), 5)",$close,,available,qlib_alpha158,qlib/contrib/data/loader.py,Alpha158DL.get_feature_config,d5379c520f66a39953bad76234a7019a72796fd0,E:/qlib_prj/qlib_clone/qlib/contrib/data/loader.py
CNTD10,alpha158_CNTD10,price_momentum_balance,"Mean($close>Ref($close, 1), 10)-Mean($close<Ref($close, 1), 10)",$close,,available,qlib_alpha158,qlib/contrib/data/loader.py,Alpha158DL.get_feature_config,d5379c520f66a39953bad76234a7019a72796fd0,E:/qlib_prj/qlib_clone/qlib/contrib/data/loader.py
CNTD20,alpha158_CNTD20,price_momentum_balance,"Mean($close>Ref($close, 1), 20)-Mean($close<Ref($close, 1), 20)",$close,,available,qlib_alpha158,qlib/contrib/data/loader.py,Alpha158DL.get_feature_config,d5379c520f66a39953bad76234a7019a72796fd0,E:/qlib_prj/qlib_clone/qlib/contrib/data/loader.py
CNTD30,alpha158_CNTD30,price_momentum_balance,"Mean($close>Ref($close, 1), 30)-Mean($close<Ref($close, 1), 30)",$close,,available,qlib_alpha158,qlib/contrib/data/loader.py,Alpha158DL.get_feature_config,d5379c520f66a39953bad76234a7019a72796fd0,E:/qlib_prj/qlib_clone/qlib/contrib/data/loader.py
CNTD60,alpha158_CNTD60,price_momentum_balance,"Mean($close>Ref($close, 1), 60)-Mean($close<Ref($close, 1), 60)",$close,,available,qlib_alpha158,qlib/contrib/data/loader.py,Alpha158DL.get_feature_config,d5379c520f66a39953bad76234a7019a72796fd0,E:/qlib_prj/qlib_clone/qlib/contrib/data/loader.py
SUMP5,alpha158_SUMP5,price_momentum_balance,"Sum(Greater($close-Ref($close, 1), 0), 5)/(Sum(Abs($close-Ref($close, 1)), 5)+1e-12)",$close,,available,qlib_alpha158,qlib/contrib/data/loader.py,Alpha158DL.get_feature_config,d5379c520f66a39953bad76234a7019a72796fd0,E:/qlib_prj/qlib_clone/qlib/contrib/data/loader.py
SUMP10,alpha158_SUMP10,price_momentum_balance,"Sum(Greater($close-Ref($close, 1), 0), 10)/(Sum(Abs($close-Ref($close, 1)), 10)+1e-12)",$close,,available,qlib_alpha158,qlib/contrib/data/loader.py,Alpha158DL.get_feature_config,d5379c520f66a39953bad76234a7019a72796fd0,E:/qlib_prj/qlib_clone/qlib/contrib/data/loader.py
SUMP20,alpha158_SUMP20,price_momentum_balance,"Sum(Greater($close-Ref($close, 1), 0), 20)/(Sum(Abs($close-Ref($close, 1)), 20)+1e-12)",$close,,available,qlib_alpha158,qlib/contrib/data/loader.py,Alpha158DL.get_feature_config,d5379c520f66a39953bad76234a7019a72796fd0,E:/qlib_prj/qlib_clone/qlib/contrib/data/loader.py
SUMP30,alpha158_SUMP30,price_momentum_balance,"Sum(Greater($close-Ref($close, 1), 0), 30)/(Sum(Abs($close-Ref($close, 1)), 30)+1e-12)",$close,,available,qlib_alpha158,qlib/contrib/data/loader.py,Alpha158DL.get_feature_config,d5379c520f66a39953bad76234a7019a72796fd0,E:/qlib_prj/qlib_clone/qlib/contrib/data/loader.py
SUMP60,alpha158_SUMP60,price_momentum_balance,"Sum(Greater($close-Ref($close, 1), 0), 60)/(Sum(Abs($close-Ref($close, 1)), 60)+1e-12)",$close,,available,qlib_alpha158,qlib/contrib/data/loader.py,Alpha158DL.get_feature_config,d5379c520f66a39953bad76234a7019a72796fd0,E:/qlib_prj/qlib_clone/qlib/contrib/data/loader.py
SUMN5,alpha158_SUMN5,price_momentum_balance,"Sum(Greater(Ref($close, 1)-$close, 0), 5)/(Sum(Abs($close-Ref($close, 1)), 5)+1e-12)",$close,,available,qlib_alpha158,qlib/contrib/data/loader.py,Alpha158DL.get_feature_config,d5379c520f66a39953bad76234a7019a72796fd0,E:/qlib_prj/qlib_clone/qlib/contrib/data/loader.py
SUMN10,alpha158_SUMN10,price_momentum_balance,"Sum(Greater(Ref($close, 1)-$close, 0), 10)/(Sum(Abs($close-Ref($close, 1)), 10)+1e-12)",$close,,available,qlib_alpha158,qlib/contrib/data/loader.py,Alpha158DL.get_feature_config,d5379c520f66a39953bad76234a7019a72796fd0,E:/qlib_prj/qlib_clone/qlib/contrib/data/loader.py
SUMN20,alpha158_SUMN20,price_momentum_balance,"Sum(Greater(Ref($close, 1)-$close, 0), 20)/(Sum(Abs($close-Ref($close, 1)), 20)+1e-12)",$close,,available,qlib_alpha158,qlib/contrib/data/loader.py,Alpha158DL.get_feature_config,d5379c520f66a39953bad76234a7019a72796fd0,E:/qlib_prj/qlib_clone/qlib/contrib/data/loader.py
SUMN30,alpha158_SUMN30,price_momentum_balance,"Sum(Greater(Ref($close, 1)-$close, 0), 30)/(Sum(Abs($close-Ref($close, 1)), 30)+1e-12)",$close,,available,qlib_alpha158,qlib/contrib/data/loader.py,Alpha158DL.get_feature_config,d5379c520f66a39953bad76234a7019a72796fd0,E:/qlib_prj/qlib_clone/qlib/contrib/data/loader.py
SUMN60,alpha158_SUMN60,price_momentum_balance,"Sum(Greater(Ref($close, 1)-$close, 0), 60)/(Sum(Abs($close-Ref($close, 1)), 60)+1e-12)",$close,,available,qlib_alpha158,qlib/contrib/data/loader.py,Alpha158DL.get_feature_config,d5379c520f66a39953bad76234a7019a72796fd0,E:/qlib_prj/qlib_clone/qlib/contrib/data/loader.py
SUMD5,alpha158_SUMD5,price_momentum_balance,"(Sum(Greater($close-Ref($close, 1), 0), 5)-Sum(Greater(Ref($close, 1)-$close, 0), 5))/(Sum(Abs($close-Ref($close, 1)), 5)+1e-12)",$close,,available,qlib_alpha158,qlib/contrib/data/loader.py,Alpha158DL.get_feature_config,d5379c520f66a39953bad76234a7019a72796fd0,E:/qlib_prj/qlib_clone/qlib/contrib/data/loader.py
SUMD10,alpha158_SUMD10,price_momentum_balance,"(Sum(Greater($close-Ref($close, 1), 0), 10)-Sum(Greater(Ref($close, 1)-$close, 0), 10))/(Sum(Abs($close-Ref($close, 1)), 10)+1e-12)",$close,,available,qlib_alpha158,qlib/contrib/data/loader.py,Alpha158DL.get_feature_config,d5379c520f66a39953bad76234a7019a72796fd0,E:/qlib_prj/qlib_clone/qlib/contrib/data/loader.py
SUMD20,alpha158_SUMD20,price_momentum_balance,"(Sum(Greater($close-Ref($close, 1), 0), 20)-Sum(Greater(Ref($close, 1)-$close, 0), 20))/(Sum(Abs($close-Ref($close, 1)), 20)+1e-12)",$close,,available,qlib_alpha158,qlib/contrib/data/loader.py,Alpha158DL.get_feature_config,d5379c520f66a39953bad76234a7019a72796fd0,E:/qlib_prj/qlib_clone/qlib/contrib/data/loader.py
SUMD30,alpha158_SUMD30,price_momentum_balance,"(Sum(Greater($close-Ref($close, 1), 0), 30)-Sum(Greater(Ref($close, 1)-$close, 0), 30))/(Sum(Abs($close-Ref($close, 1)), 30)+1e-12)",$close,,available,qlib_alpha158,qlib/contrib/data/loader.py,Alpha158DL.get_feature_config,d5379c520f66a39953bad76234a7019a72796fd0,E:/qlib_prj/qlib_clone/qlib/contrib/data/loader.py
SUMD60,alpha158_SUMD60,price_momentum_balance,"(Sum(Greater($close-Ref($close, 1), 0), 60)-Sum(Greater(Ref($close, 1)-$close, 0), 60))/(Sum(Abs($close-Ref($close, 1)), 60)+1e-12)",$close,,available,qlib_alpha158,qlib/contrib/data/loader.py,Alpha158DL.get_feature_config,d5379c520f66a39953bad76234a7019a72796fd0,E:/qlib_prj/qlib_clone/qlib/contrib/data/loader.py
VMA5,alpha158_VMA5,volume_liquidity,"Mean($volume, 5)/($volume+1e-12)",$volume,,available,qlib_alpha158,qlib/contrib/data/loader.py,Alpha158DL.get_feature_config,d5379c520f66a39953bad76234a7019a72796fd0,E:/qlib_prj/qlib_clone/qlib/contrib/data/loader.py
VMA10,alpha158_VMA10,volume_liquidity,"Mean($volume, 10)/($volume+1e-12)",$volume,,available,qlib_alpha158,qlib/contrib/data/loader.py,Alpha158DL.get_feature_config,d5379c520f66a39953bad76234a7019a72796fd0,E:/qlib_prj/qlib_clone/qlib/contrib/data/loader.py
VMA20,alpha158_VMA20,volume_liquidity,"Mean($volume, 20)/($volume+1e-12)",$volume,,available,qlib_alpha158,qlib/contrib/data/loader.py,Alpha158DL.get_feature_config,d5379c520f66a39953bad76234a7019a72796fd0,E:/qlib_prj/qlib_clone/qlib/contrib/data/loader.py
VMA30,alpha158_VMA30,volume_liquidity,"Mean($volume, 30)/($volume+1e-12)",$volume,,available,qlib_alpha158,qlib/contrib/data/loader.py,Alpha158DL.get_feature_config,d5379c520f66a39953bad76234a7019a72796fd0,E:/qlib_prj/qlib_clone/qlib/contrib/data/loader.py
VMA60,alpha158_VMA60,volume_liquidity,"Mean($volume, 60)/($volume+1e-12)",$volume,,available,qlib_alpha158,qlib/contrib/data/loader.py,Alpha158DL.get_feature_config,d5379c520f66a39953bad76234a7019a72796fd0,E:/qlib_prj/qlib_clone/qlib/contrib/data/loader.py
VSTD5,alpha158_VSTD5,volume_liquidity,"Std($volume, 5)/($volume+1e-12)",$volume,,available,qlib_alpha158,qlib/contrib/data/loader.py,Alpha158DL.get_feature_config,d5379c520f66a39953bad76234a7019a72796fd0,E:/qlib_prj/qlib_clone/qlib/contrib/data/loader.py
VSTD10,alpha158_VSTD10,volume_liquidity,"Std($volume, 10)/($volume+1e-12)",$volume,,available,qlib_alpha158,qlib/contrib/data/loader.py,Alpha158DL.get_feature_config,d5379c520f66a39953bad76234a7019a72796fd0,E:/qlib_prj/qlib_clone/qlib/contrib/data/loader.py
VSTD20,alpha158_VSTD20,volume_liquidity,"Std($volume, 20)/($volume+1e-12)",$volume,,available,qlib_alpha158,qlib/contrib/data/loader.py,Alpha158DL.get_feature_config,d5379c520f66a39953bad76234a7019a72796fd0,E:/qlib_prj/qlib_clone/qlib/contrib/data/loader.py
VSTD30,alpha158_VSTD30,volume_liquidity,"Std($volume, 30)/($volume+1e-12)",$volume,,available,qlib_alpha158,qlib/contrib/data/loader.py,Alpha158DL.get_feature_config,d5379c520f66a39953bad76234a7019a72796fd0,E:/qlib_prj/qlib_clone/qlib/contrib/data/loader.py
VSTD60,alpha158_VSTD60,volume_liquidity,"Std($volume, 60)/($volume+1e-12)",$volume,,available,qlib_alpha158,qlib/contrib/data/loader.py,Alpha158DL.get_feature_config,d5379c520f66a39953bad76234a7019a72796fd0,E:/qlib_prj/qlib_clone/qlib/contrib/data/loader.py
WVMA5,alpha158_WVMA5,volume_liquidity,"Std(Abs($close/Ref($close, 1)-1)*$volume, 5)/(Mean(Abs($close/Ref($close, 1)-1)*$volume, 5)+1e-12)","$close,$volume",,available,qlib_alpha158,qlib/contrib/data/loader.py,Alpha158DL.get_feature_config,d5379c520f66a39953bad76234a7019a72796fd0,E:/qlib_prj/qlib_clone/qlib/contrib/data/loader.py
WVMA10,alpha158_WVMA10,volume_liquidity,"Std(Abs($close/Ref($close, 1)-1)*$volume, 10)/(Mean(Abs($close/Ref($close, 1)-1)*$volume, 10)+1e-12)","$close,$volume",,available,qlib_alpha158,qlib/contrib/data/loader.py,Alpha158DL.get_feature_config,d5379c520f66a39953bad76234a7019a72796fd0,E:/qlib_prj/qlib_clone/qlib/contrib/data/loader.py
WVMA20,alpha158_WVMA20,volume_liquidity,"Std(Abs($close/Ref($close, 1)-1)*$volume, 20)/(Mean(Abs($close/Ref($close, 1)-1)*$volume, 20)+1e-12)","$close,$volume",,available,qlib_alpha158,qlib/contrib/data/loader.py,Alpha158DL.get_feature_config,d5379c520f66a39953bad76234a7019a72796fd0,E:/qlib_prj/qlib_clone/qlib/contrib/data/loader.py
WVMA30,alpha158_WVMA30,volume_liquidity,"Std(Abs($close/Ref($close, 1)-1)*$volume, 30)/(Mean(Abs($close/Ref($close, 1)-1)*$volume, 30)+1e-12)","$close,$volume",,available,qlib_alpha158,qlib/contrib/data/loader.py,Alpha158DL.get_feature_config,d5379c520f66a39953bad76234a7019a72796fd0,E:/qlib_prj/qlib_clone/qlib/contrib/data/loader.py
WVMA60,alpha158_WVMA60,volume_liquidity,"Std(Abs($close/Ref($close, 1)-1)*$volume, 60)/(Mean(Abs($close/Ref($close, 1)-1)*$volume, 60)+1e-12)","$close,$volume",,available,qlib_alpha158,qlib/contrib/data/loader.py,Alpha158DL.get_feature_config,d5379c520f66a39953bad76234a7019a72796fd0,E:/qlib_prj/qlib_clone/qlib/contrib/data/loader.py
VSUMP5,alpha158_VSUMP5,volume_liquidity,"Sum(Greater($volume-Ref($volume, 1), 0), 5)/(Sum(Abs($volume-Ref($volume, 1)), 5)+1e-12)",$volume,,available,qlib_alpha158,qlib/contrib/data/loader.py,Alpha158DL.get_feature_config,d5379c520f66a39953bad76234a7019a72796fd0,E:/qlib_prj/qlib_clone/qlib/contrib/data/loader.py
VSUMP10,alpha158_VSUMP10,volume_liquidity,"Sum(Greater($volume-Ref($volume, 1), 0), 10)/(Sum(Abs($volume-Ref($volume, 1)), 10)+1e-12)",$volume,,available,qlib_alpha158,qlib/contrib/data/loader.py,Alpha158DL.get_feature_config,d5379c520f66a39953bad76234a7019a72796fd0,E:/qlib_prj/qlib_clone/qlib/contrib/data/loader.py
VSUMP20,alpha158_VSUMP20,volume_liquidity,"Sum(Greater($volume-Ref($volume, 1), 0), 20)/(Sum(Abs($volume-Ref($volume, 1)), 20)+1e-12)",$volume,,available,qlib_alpha158,qlib/contrib/data/loader.py,Alpha158DL.get_feature_config,d5379c520f66a39953bad76234a7019a72796fd0,E:/qlib_prj/qlib_clone/qlib/contrib/data/loader.py
VSUMP30,alpha158_VSUMP30,volume_liquidity,"Sum(Greater($volume-Ref($volume, 1), 0), 30)/(Sum(Abs($volume-Ref($volume, 1)), 30)+1e-12)",$volume,,available,qlib_alpha158,qlib/contrib/data/loader.py,Alpha158DL.get_feature_config,d5379c520f66a39953bad76234a7019a72796fd0,E:/qlib_prj/qlib_clone/qlib/contrib/data/loader.py
VSUMP60,alpha158_VSUMP60,volume_liquidity,"Sum(Greater($volume-Ref($volume, 1), 0), 60)/(Sum(Abs($volume-Ref($volume, 1)), 60)+1e-12)",$volume,,available,qlib_alpha158,qlib/contrib/data/loader.py,Alpha158DL.get_feature_config,d5379c520f66a39953bad76234a7019a72796fd0,E:/qlib_prj/qlib_clone/qlib/contrib/data/loader.py
VSUMN5,alpha158_VSUMN5,volume_liquidity,"Sum(Greater(Ref($volume, 1)-$volume, 0), 5)/(Sum(Abs($volume-Ref($volume, 1)), 5)+1e-12)",$volume,,available,qlib_alpha158,qlib/contrib/data/loader.py,Alpha158DL.get_feature_config,d5379c520f66a39953bad76234a7019a72796fd0,E:/qlib_prj/qlib_clone/qlib/contrib/data/loader.py
VSUMN10,alpha158_VSUMN10,volume_liquidity,"Sum(Greater(Ref($volume, 1)-$volume, 0), 10)/(Sum(Abs($volume-Ref($volume, 1)), 10)+1e-12)",$volume,,available,qlib_alpha158,qlib/contrib/data/loader.py,Alpha158DL.get_feature_config,d5379c520f66a39953bad76234a7019a72796fd0,E:/qlib_prj/qlib_clone/qlib/contrib/data/loader.py
VSUMN20,alpha158_VSUMN20,volume_liquidity,"Sum(Greater(Ref($volume, 1)-$volume, 0), 20)/(Sum(Abs($volume-Ref($volume, 1)), 20)+1e-12)",$volume,,available,qlib_alpha158,qlib/contrib/data/loader.py,Alpha158DL.get_feature_config,d5379c520f66a39953bad76234a7019a72796fd0,E:/qlib_prj/qlib_clone/qlib/contrib/data/loader.py
VSUMN30,alpha158_VSUMN30,volume_liquidity,"Sum(Greater(Ref($volume, 1)-$volume, 0), 30)/(Sum(Abs($volume-Ref($volume, 1)), 30)+1e-12)",$volume,,available,qlib_alpha158,qlib/contrib/data/loader.py,Alpha158DL.get_feature_config,d5379c520f66a39953bad76234a7019a72796fd0,E:/qlib_prj/qlib_clone/qlib/contrib/data/loader.py
VSUMN60,alpha158_VSUMN60,volume_liquidity,"Sum(Greater(Ref($volume, 1)-$volume, 0), 60)/(Sum(Abs($volume-Ref($volume, 1)), 60)+1e-12)",$volume,,available,qlib_alpha158,qlib/contrib/data/loader.py,Alpha158DL.get_feature_config,d5379c520f66a39953bad76234a7019a72796fd0,E:/qlib_prj/qlib_clone/qlib/contrib/data/loader.py
VSUMD5,alpha158_VSUMD5,volume_liquidity,"(Sum(Greater($volume-Ref($volume, 1), 0), 5)-Sum(Greater(Ref($volume, 1)-$volume, 0), 5))/(Sum(Abs($volume-Ref($volume, 1)), 5)+1e-12)",$volume,,available,qlib_alpha158,qlib/contrib/data/loader.py,Alpha158DL.get_feature_config,d5379c520f66a39953bad76234a7019a72796fd0,E:/qlib_prj/qlib_clone/qlib/contrib/data/loader.py
VSUMD10,alpha158_VSUMD10,volume_liquidity,"(Sum(Greater($volume-Ref($volume, 1), 0), 10)-Sum(Greater(Ref($volume, 1)-$volume, 0), 10))/(Sum(Abs($volume-Ref($volume, 1)), 10)+1e-12)",$volume,,available,qlib_alpha158,qlib/contrib/data/loader.py,Alpha158DL.get_feature_config,d5379c520f66a39953bad76234a7019a72796fd0,E:/qlib_prj/qlib_clone/qlib/contrib/data/loader.py
VSUMD20,alpha158_VSUMD20,volume_liquidity,"(Sum(Greater($volume-Ref($volume, 1), 0), 20)-Sum(Greater(Ref($volume, 1)-$volume, 0), 20))/(Sum(Abs($volume-Ref($volume, 1)), 20)+1e-12)",$volume,,available,qlib_alpha158,qlib/contrib/data/loader.py,Alpha158DL.get_feature_config,d5379c520f66a39953bad76234a7019a72796fd0,E:/qlib_prj/qlib_clone/qlib/contrib/data/loader.py
VSUMD30,alpha158_VSUMD30,volume_liquidity,"(Sum(Greater($volume-Ref($volume, 1), 0), 30)-Sum(Greater(Ref($volume, 1)-$volume, 0), 30))/(Sum(Abs($volume-Ref($volume, 1)), 30)+1e-12)",$volume,,available,qlib_alpha158,qlib/contrib/data/loader.py,Alpha158DL.get_feature_config,d5379c520f66a39953bad76234a7019a72796fd0,E:/qlib_prj/qlib_clone/qlib/contrib/data/loader.py
VSUMD60,alpha158_VSUMD60,volume_liquidity,"(Sum(Greater($volume-Ref($volume, 1), 0), 60)-Sum(Greater(Ref($volume, 1)-$volume, 0), 60))/(Sum(Abs($volume-Ref($volume, 1)), 60)+1e-12)",$volume,,available,qlib_alpha158,qlib/contrib/data/loader.py,Alpha158DL.get_feature_config,d5379c520f66a39953bad76234a7019a72796fd0,E:/qlib_prj/qlib_clone/qlib/contrib/data/loader.py
